file,job_id,classes,samples,pca_dim,feature_depth,vqc_iterations,seed,native_best_accuracy,native_best_runtime_sec,quantum_kernel_accuracy,quantum_kernel_runtime_sec,quantum_kernel_required_speedup,qnn_vqc_accuracy,qnn_vqc_runtime_sec,qnn_vqc_required_speedup
data/raw/perlmutter/digits_expanded/digits_55421321_c0v1_128s_12p_d2_i3_seed11.json,55421321,"0,1",128,12,2,3,11,1.0,0.014371958997799084,0.90625,7.471369665989187,519.857429814081,0.9375,0.887478288001148,61.75068326712149
data/raw/perlmutter/digits_expanded/digits_55421321_c0v1_128s_4p_d1_i4_seed11.json,55421321,"0,1",128,4,1,4,11,1.0,0.014611861988669261,1.0,15.176880517974496,1038.6684824797399,0.71875,0.3076510159880854,21.054881042994573
data/raw/perlmutter/digits_expanded/digits_55421321_c0v1_128s_4p_d3_i4_seed13.json,55421321,"0,1",128,4,3,4,13,1.0,0.013915975985582918,0.9375,6.5652422640123405,471.7773493439478,0.84375,0.5732016710098833,41.19018828458209
data/raw/perlmutter/digits_expanded/digits_55421321_c0v1_256s_12p_d1_i3_seed11.json,55421321,"0,1",256,12,1,3,11,1.0,0.0165914969984442,0.984375,6.937867032975191,418.1579898200724,0.9375,1.5034512899874244,90.61577084505421
data/raw/perlmutter/digits_expanded/digits_55421321_c0v1_256s_4p_d2_i4_seed13.json,55421321,"0,1",256,4,2,4,13,1.0,0.0162288730207365,0.96875,7.297442554001464,449.6579981048056,0.921875,0.8243036289932206,50.79241349291252
data/raw/perlmutter/digits_expanded/digits_55421321_c3v8_128s_12p_d2_i3_seed11.json,55421321,"3,8",128,12,2,3,11,0.96875,0.01423483298276551,0.78125,7.3039269970031455,513.1024021037832,0.78125,0.9053745720011648,63.602753407597106
data/raw/perlmutter/digits_expanded/digits_55421321_c3v8_128s_4p_d1_i4_seed11.json,55421321,"3,8",128,4,1,4,11,0.96875,0.014058111002668738,0.96875,6.757998084009159,480.7187880879762,0.8125,0.3482712410041131,24.773686943999703
data/raw/perlmutter/digits_expanded/digits_55421321_c3v8_128s_4p_d3_i4_seed13.json,55421321,"3,8",128,4,3,4,13,0.96875,0.014051281003048643,0.6875,7.753365070995642,551.7906210340132,0.53125,0.5946829720051028,42.322331456902546
data/raw/perlmutter/digits_expanded/digits_55421321_c3v8_256s_12p_d1_i3_seed11.json,55421321,"3,8",256,12,1,3,11,0.984375,0.01620749701396562,0.859375,6.490989349986194,400.49301532451676,0.671875,1.500158298003953,92.5595295011501
data/raw/perlmutter/digits_expanded/digits_55421321_c3v8_256s_4p_d2_i4_seed13.json,55421321,"3,8",256,4,2,4,13,0.96875,0.016050903010182083,0.78125,7.663213548017666,477.4319266122544,0.734375,0.8374813820119016,52.17658978318137
data/raw/perlmutter/digits_expanded/digits_55421321_c4v9_128s_12p_d2_i3_seed11.json,55421321,"4,9",128,12,2,3,11,1.0,0.014269171981140971,0.75,7.2275836520129815,506.517383178604,0.78125,0.9128593800123781,63.97423629197756
data/raw/perlmutter/digits_expanded/digits_55421321_c4v9_128s_4p_d1_i4_seed11.json,55421321,"4,9",128,4,1,4,11,1.0,0.01404143200488761,1.0,6.831753384001786,486.5424966359382,0.75,0.3275128940003924,23.324750202571227
data/raw/perlmutter/digits_expanded/digits_55421321_c4v9_128s_4p_d3_i4_seed13.json,55421321,"4,9",128,4,3,4,13,0.96875,0.013914113980717957,0.78125,6.7817986919835676,487.4042789488226,0.875,0.5393094540049788,38.7598847294444
data/raw/perlmutter/digits_expanded/digits_55421321_c4v9_256s_12p_d1_i3_seed11.json,55421321,"4,9",256,12,1,3,11,1.0,0.016525880026165396,0.96875,7.033388056996046,425.5983975352656,0.796875,1.4899812140210997,90.16047627491034
data/raw/perlmutter/digits_expanded/digits_55421321_c4v9_256s_4p_d2_i4_seed13.json,55421321,"4,9",256,4,2,4,13,0.984375,0.01686937699560076,0.828125,6.528488962998381,387.0023750551604,0.765625,0.8572031240037177,50.81415420541383
data/raw/perlmutter/digits_expanded/digits_55421321_c5v8_128s_12p_d2_i3_seed11.json,55421321,"5,8",128,12,2,3,11,0.9375,0.014033766987267882,0.78125,6.453297375002876,459.84070997171483,0.6875,0.8788057930069044,62.620805504623235
data/raw/perlmutter/digits_expanded/digits_55421321_c5v8_128s_4p_d1_i4_seed11.json,55421321,"5,8",128,4,1,4,11,0.96875,0.013867956004105508,0.90625,6.516662979993271,469.9079646679049,0.6875,0.34803076001117006,25.096038659780724
data/raw/perlmutter/digits_expanded/digits_55421321_c5v8_128s_4p_d3_i4_seed13.json,55421321,"5,8",128,4,3,4,13,1.0,0.01402261498151347,0.71875,6.560635593981715,467.8610660444462,0.71875,0.5538961109996308,39.500201048795276
data/raw/perlmutter/digits_expanded/digits_55421321_c5v8_256s_12p_d1_i3_seed11.json,55421321,"5,8",256,12,1,3,11,0.984375,0.016523597005289048,0.875,6.687059599993518,404.6975726806368,0.671875,1.4908975799917243,90.22839152482973
data/raw/perlmutter/digits_expanded/digits_55421321_c5v8_256s_4p_d2_i4_seed13.json,55421321,"5,8",256,4,2,4,13,0.96875,0.01610335399163887,0.78125,6.862928122020094,426.18004457850463,0.671875,0.8698529410175979,54.01688005301505
data/raw/perlmutter/digits_expanded/digits_55421323_c0v1_128s_16p_d2_i2_seed11.json,55421323,"0,1",128,16,2,2,11,1.0,0.014709473005495965,0.8125,7.760253501997795,527.5684247218304,0.90625,1.5563025070005096,105.80273721696362
data/raw/perlmutter/digits_expanded/digits_55421323_c0v1_128s_8p_d1_i4_seed11.json,55421323,"0,1",128,8,1,4,11,1.0,0.014789345994358882,1.0,15.186042869987432,1026.8231520027905,0.78125,0.5902476390183438,39.91032728854154
data/raw/perlmutter/digits_expanded/digits_55421323_c0v1_128s_8p_d3_i4_seed13.json,55421323,"0,1",128,8,3,4,13,1.0,0.014733798976521939,0.9375,5.891898796020541,399.8899947942267,0.84375,1.2280034879804589,83.34601890098146
data/raw/perlmutter/digits_expanded/digits_55421323_c0v1_256s_16p_d1_i2_seed11.json,55421323,"0,1",256,16,1,2,11,1.0,0.01727240500622429,0.96875,6.571503480983665,380.4625631818821,0.90625,2.164662066992605,125.32487897386304
data/raw/perlmutter/digits_expanded/digits_55421323_c0v1_256s_8p_d2_i4_seed13.json,55421323,"0,1",256,8,2,4,13,1.0,0.01668027599225752,0.875,6.78447901099571,406.7366159975327,0.890625,1.5985095569922123,95.83232062432253
data/raw/perlmutter/digits_expanded/digits_55421323_c3v8_128s_16p_d2_i2_seed11.json,55421323,"3,8",128,16,2,2,11,1.0,0.014456503005931154,0.65625,7.0761808099923655,489.48081061437745,0.78125,1.419788718019845,98.21107618054933
data/raw/perlmutter/digits_expanded/digits_55421323_c3v8_128s_8p_d1_i4_seed11.json,55421323,"3,8",128,8,1,4,11,0.9375,0.01431569000124,0.9375,6.073444920009933,424.25093861936534,0.71875,0.5926838500017766,41.40099778288293
data/raw/perlmutter/digits_expanded/digits_55421323_c3v8_128s_8p_d3_i4_seed13.json,55421323,"3,8",128,8,3,4,13,1.0,0.014024449017597362,0.625,6.987947053014068,498.2689191030499,0.59375,1.3250879460247234,94.4841358374972
data/raw/perlmutter/digits_expanded/digits_55421323_c3v8_256s_16p_d1_i2_seed11.json,55421323,"3,8",256,16,1,2,11,0.96875,0.018042890005744994,0.859375,6.109320891991956,338.5999077778949,0.671875,2.0567288940073922,113.9911008354268
data/raw/perlmutter/digits_expanded/digits_55421323_c3v8_256s_8p_d2_i4_seed13.json,55421323,"3,8",256,8,2,4,13,0.984375,0.017360839992761612,0.78125,7.180264975002501,413.5897213496711,0.8125,1.8118345240072813,104.36329836359896
data/raw/perlmutter/digits_expanded/digits_55421323_c4v9_128s_16p_d2_i2_seed11.json,55421323,"4,9",128,16,2,2,11,1.0,0.014456894976319745,0.875,7.10539958399022,491.488635397075,0.78125,1.494193800026551,103.35509820566767
data/raw/perlmutter/digits_expanded/digits_55421323_c4v9_128s_8p_d1_i4_seed11.json,55421323,"4,9",128,8,1,4,11,1.0,0.013928061991464347,1.0,5.871489010023652,421.55821919962204,0.78125,0.6073487969988491,43.60612390805382
data/raw/perlmutter/digits_expanded/digits_55421323_c4v9_128s_8p_d3_i4_seed13.json,55421323,"4,9",128,8,3,4,13,0.96875,0.01392627798486501,0.9375,6.073486959998263,436.11702757900497,0.90625,1.2016321599949151,86.2852343821401
data/raw/perlmutter/digits_expanded/digits_55421323_c4v9_256s_16p_d1_i2_seed11.json,55421323,"4,9",256,16,1,2,11,1.0,0.01693389000138268,0.9375,6.622821763012325,391.09866442214764,0.796875,2.072388161002891,122.38110444993309
data/raw/perlmutter/digits_expanded/digits_55421323_c4v9_256s_8p_d2_i4_seed13.json,55421323,"4,9",256,8,2,4,13,0.984375,0.016612709005130455,0.9375,6.041044812009204,363.63995842842763,0.78125,1.5807771529944148,95.15468864868625
data/raw/perlmutter/digits_expanded/digits_55421323_c5v8_128s_16p_d2_i2_seed11.json,55421323,"5,8",128,16,2,2,11,0.9375,0.014647855976363644,0.75,6.342331352992915,432.98700937715046,0.6875,1.3029566890036222,88.9520412479563
data/raw/perlmutter/digits_expanded/digits_55421323_c5v8_128s_8p_d1_i4_seed11.json,55421323,"5,8",128,8,1,4,11,0.9375,0.01460177599801682,0.8125,5.774025918013649,395.43312531282936,0.6875,0.5636268989765085,38.599886688650685
data/raw/perlmutter/digits_expanded/digits_55421323_c5v8_128s_8p_d3_i4_seed13.json,55421323,"5,8",128,8,3,4,13,1.0,0.014322706003440544,0.71875,5.941220638982486,414.81132389056296,0.65625,1.2072416699957103,84.28865814223313
data/raw/perlmutter/digits_expanded/digits_55421323_c5v8_256s_16p_d1_i2_seed11.json,55421323,"5,8",256,16,1,2,11,0.96875,0.01707432299735956,0.828125,6.369053812988568,373.0194054530598,0.65625,2.1537104769959114,126.1373863742047
data/raw/perlmutter/digits_expanded/digits_55421323_c5v8_256s_8p_d2_i4_seed13.json,55421323,"5,8",256,8,2,4,13,0.984375,0.01658353299717419,0.8125,6.407368262996897,386.36931370949145,0.671875,1.7975042609905358,108.39091171325363
data/raw/perlmutter/digits_expanded/digits_55422136_c0v1_128s_12p_d1_i3_seed13.json,55422136,"0,1",128,12,1,3,13,1.0,0.014187745982781053,0.96875,6.307611837983131,444.5816724966996,0.875,0.6182037059916183,43.57307402753762
data/raw/perlmutter/digits_expanded/digits_55422136_c0v1_128s_4p_d2_i4_seed11.json,55422136,"0,1",128,4,2,4,11,1.0,0.014630090998252854,1.0,12.137101873988286,829.5985223494314,0.9375,0.4348923969955649,29.72588462009569
data/raw/perlmutter/digits_expanded/digits_55422136_c0v1_256s_12p_d2_i3_seed11.json,55422136,"0,1",256,12,2,3,11,1.0,0.01636910400702618,0.90625,7.943088414991507,485.2488206796207,0.890625,2.096567064989358,128.08074675861548
data/raw/perlmutter/digits_expanded/digits_55422136_c0v1_256s_4p_d1_i4_seed11.json,55422136,"0,1",256,4,1,4,11,1.0,0.015905398002360016,1.0,6.759692273015389,424.993594753957,0.9375,0.5683624560188036,35.73393485246147
data/raw/perlmutter/digits_expanded/digits_55422136_c0v1_256s_4p_d3_i4_seed13.json,55422136,"0,1",256,4,3,4,13,1.0,0.017731006984831765,0.9375,6.414179418003187,361.7493029860224,0.796875,1.0741592240228783,60.58083587366373
data/raw/perlmutter/digits_expanded/digits_55422136_c3v8_128s_12p_d1_i3_seed13.json,55422136,"3,8",128,12,1,3,13,1.0,0.014854988985462114,0.84375,6.273431276989868,422.3114054900601,0.5625,0.6187892790185288,41.65531725564448
data/raw/perlmutter/digits_expanded/digits_55422136_c3v8_128s_4p_d2_i4_seed11.json,55422136,"3,8",128,4,2,4,11,0.96875,0.014225320017430931,0.71875,6.326485767989652,444.73416135718014,0.78125,0.4610179879819043,32.40826831431546
data/raw/perlmutter/digits_expanded/digits_55422136_c3v8_256s_12p_d2_i3_seed11.json,55422136,"3,8",256,12,2,3,11,0.984375,0.017262302979361266,0.8125,6.678181669005426,386.8650479017678,0.75,2.0756595940038096,120.24233362636835
data/raw/perlmutter/digits_expanded/digits_55422136_c3v8_256s_4p_d1_i4_seed11.json,55422136,"3,8",256,4,1,4,11,0.921875,0.01611397200031206,0.8125,6.239435953000793,387.206577799686,0.703125,0.618843353993725,38.404147281734176
data/raw/perlmutter/digits_expanded/digits_55422136_c3v8_256s_4p_d3_i4_seed13.json,55422136,"3,8",256,4,3,4,13,0.96875,0.016313889995217323,0.546875,6.679129300988279,409.4136532087916,0.625,1.0860038709943183,66.56927754892902
data/raw/perlmutter/digits_expanded/digits_55422136_c4v9_128s_12p_d1_i3_seed13.json,55422136,"4,9",128,12,1,3,13,1.0,0.014124188979621977,1.0,6.406120855011977,453.55672203583276,0.84375,0.6295045820006635,44.56925512033978
data/raw/perlmutter/digits_expanded/digits_55422136_c4v9_128s_4p_d2_i4_seed11.json,55422136,"4,9",128,4,2,4,11,1.0,0.014409355993848294,0.84375,6.678357287979452,463.4736827121632,0.78125,0.43768212900613435,30.37485708542363
data/raw/perlmutter/digits_expanded/digits_55422136_c4v9_256s_12p_d2_i3_seed11.json,55422136,"4,9",256,12,2,3,11,1.0,0.016482375998748466,0.875,6.374760327016702,386.76221968851746,0.734375,2.139071557990974,129.77932053930797
data/raw/perlmutter/digits_expanded/digits_55422136_c4v9_256s_4p_d1_i4_seed11.json,55422136,"4,9",256,4,1,4,11,1.0,0.016120685992063954,1.0,6.393415503000142,396.59698763114386,0.75,0.5959330480254721,36.96697822405596
data/raw/perlmutter/digits_expanded/digits_55422136_c4v9_256s_4p_d3_i4_seed13.json,55422136,"4,9",256,4,3,4,13,0.984375,0.0159724639961496,0.8125,6.437267016997794,403.02279088245825,0.796875,1.0407955560076516,65.16186583726537
data/raw/perlmutter/digits_expanded/digits_55422136_c5v8_128s_12p_d1_i3_seed13.json,55422136,"5,8",128,12,1,3,13,0.96875,0.014592433988582343,0.90625,6.947289892996196,476.0884920522519,0.53125,0.5940987519861665,40.71279352375424
data/raw/perlmutter/digits_expanded/digits_55422136_c5v8_128s_4p_d2_i4_seed11.json,55422136,"5,8",128,4,2,4,11,0.96875,0.014154397009406239,0.84375,6.284710798994638,444.0111998284464,0.78125,0.42436157300835475,29.98090082723745
data/raw/perlmutter/digits_expanded/digits_55422136_c5v8_256s_12p_d2_i3_seed11.json,55422136,"5,8",256,12,2,3,11,0.984375,0.016646828007651493,0.84375,6.624044222990051,397.9163009280445,0.6875,2.081101354007842,125.01488890563965
data/raw/perlmutter/digits_expanded/digits_55422136_c5v8_256s_4p_d1_i4_seed11.json,55422136,"5,8",256,4,1,4,11,0.984375,0.01629012799821794,0.9375,6.888988277991302,422.8934406620331,0.65625,0.5834805739868898,35.81804722778849
data/raw/perlmutter/digits_expanded/digits_55422136_c5v8_256s_4p_d3_i4_seed13.json,55422136,"5,8",256,4,3,4,13,0.96875,0.016269418003503233,0.53125,6.206386687990744,381.47564262313165,0.578125,0.992487629991956,61.00326574547703
data/raw/perlmutter/digits_expanded/digits_55422137_c0v1_128s_16p_d1_i2_seed13.json,55422137,"0,1",128,16,1,2,13,1.0,0.014499058976070955,0.96875,6.503196645993739,448.5254289072501,0.8125,0.8957005730189849,61.77646249299603
data/raw/perlmutter/digits_expanded/digits_55422137_c0v1_128s_8p_d2_i4_seed11.json,55422137,"0,1",128,8,2,4,11,1.0,0.014119464001851156,0.96875,6.306685741001274,446.66608733691487,0.9375,0.7758963079832029,54.95224945376663
data/raw/perlmutter/digits_expanded/digits_55422137_c0v1_256s_16p_d2_i2_seed11.json,55422137,"0,1",256,16,2,2,11,1.0,0.01761020699632354,0.890625,6.606774810992647,375.1673567705328,0.890625,2.9097041960048955,165.2282790663591
data/raw/perlmutter/digits_expanded/digits_55422137_c0v1_256s_8p_d1_i4_seed11.json,55422137,"0,1",256,8,1,4,11,1.0,0.016254043992375955,0.984375,5.93285690198536,365.00804998240426,0.9375,1.0568715609842911,65.02206844524491
data/raw/perlmutter/digits_expanded/digits_55422137_c0v1_256s_8p_d3_i4_seed13.json,55422137,"0,1",256,8,3,4,13,1.0,0.016311133978888392,0.9375,6.3046725769818295,386.52570600805615,0.765625,2.076513239997439,127.30649154651563
data/raw/perlmutter/digits_expanded/digits_55422137_c3v8_128s_16p_d1_i2_seed13.json,55422137,"3,8",128,16,1,2,13,1.0,0.014473631978034973,0.84375,6.181643679999979,427.0969228305082,0.5625,1.0900477090035565,75.31265895511238
data/raw/perlmutter/digits_expanded/digits_55422137_c3v8_128s_8p_d2_i4_seed11.json,55422137,"3,8",128,8,2,4,11,0.9375,0.014218326017726213,0.84375,6.36077767398092,447.3647366118091,0.78125,0.7898433179943822,55.551076618279254
data/raw/perlmutter/digits_expanded/digits_55422137_c3v8_256s_16p_d2_i2_seed11.json,55422137,"3,8",256,16,2,2,11,0.96875,0.016733702999772504,0.890625,6.827136214997154,407.9871750496569,0.75,2.6459925009985454,158.12354868701314
data/raw/perlmutter/digits_expanded/digits_55422137_c3v8_256s_8p_d1_i4_seed11.json,55422137,"3,8",256,8,1,4,11,0.96875,0.016585045988904312,0.84375,6.212859270017361,374.60609239033005,0.65625,1.075277324009221,64.83414786601138
data/raw/perlmutter/digits_expanded/digits_55422137_c3v8_256s_8p_d3_i4_seed13.json,55422137,"3,8",256,8,3,4,13,0.984375,0.01745284500066191,0.671875,6.584337798005436,377.26444013888397,0.625,2.0656730920018163,118.35738482313195
data/raw/perlmutter/digits_expanded/digits_55422137_c4v9_128s_16p_d1_i2_seed13.json,55422137,"4,9",128,16,1,2,13,1.0,0.01584439299767837,0.96875,6.739183189987671,425.33552348614063,0.84375,1.1094397290144116,70.0209676178175
data/raw/perlmutter/digits_expanded/digits_55422137_c4v9_128s_8p_d2_i4_seed11.json,55422137,"4,9",128,8,2,4,11,1.0,0.01418308902066201,0.9375,5.908428487018682,416.5826272690842,0.78125,0.779261930991197,54.943033203554144
data/raw/perlmutter/digits_expanded/digits_55422137_c4v9_256s_16p_d2_i2_seed11.json,55422137,"4,9",256,16,2,2,11,1.0,0.016830520995426923,0.90625,6.333201920991996,376.2926841488039,0.734375,2.755942885996774,163.746736464403
data/raw/perlmutter/digits_expanded/digits_55422137_c4v9_256s_8p_d1_i4_seed11.json,55422137,"4,9",256,8,1,4,11,1.0,0.016786476015113294,1.0,6.474354508973192,385.6887236573159,0.765625,1.0775427560147364,64.19112355950094
data/raw/perlmutter/digits_expanded/digits_55422137_c4v9_256s_8p_d3_i4_seed13.json,55422137,"4,9",256,8,3,4,13,0.984375,0.016185635002329946,0.875,6.362550977995852,393.09863203266065,0.890625,1.9592191300180275,121.04678807695807
data/raw/perlmutter/digits_expanded/digits_55422137_c5v8_128s_16p_d1_i2_seed13.json,55422137,"5,8",128,16,1,2,13,1.0,0.014205945015419275,0.8125,6.104930467001395,429.7447625184416,0.53125,0.8920418389898259,62.793558472991045
data/raw/perlmutter/digits_expanded/digits_55422137_c5v8_128s_8p_d2_i4_seed11.json,55422137,"5,8",128,8,2,4,11,0.9375,0.014308843994513154,0.8125,6.788152200984769,474.40255855663406,0.71875,0.7871822410088498,55.01368533409837
data/raw/perlmutter/digits_expanded/digits_55422137_c5v8_256s_16p_d2_i2_seed11.json,55422137,"5,8",256,16,2,2,11,0.96875,0.01706963498145342,0.78125,6.539742218999891,383.12138637442933,0.703125,2.647683818009682,155.11074612236618
data/raw/perlmutter/digits_expanded/digits_55422137_c5v8_256s_8p_d1_i4_seed11.json,55422137,"5,8",256,8,1,4,11,0.984375,0.016447631001938134,0.921875,6.3221575770003255,384.3810440698325,0.65625,1.0301453339925501,62.63183639462493
data/raw/perlmutter/digits_expanded/digits_55422137_c5v8_256s_8p_d3_i4_seed13.json,55422137,"5,8",256,8,3,4,13,0.984375,0.016331686987541616,0.734375,5.870186204992933,359.43538530164807,0.5625,1.9138694089779165,117.18749021077144
data/raw/perlmutter/digits_expanded/digits_55422138_c0v1_128s_12p_d2_i3_seed13.json,55422138,"0,1",128,12,2,3,13,1.0,0.014607774995965883,0.96875,6.178711184998974,422.97414813038273,0.84375,0.865120629008743,59.223299184691484
data/raw/perlmutter/digits_expanded/digits_55422138_c0v1_128s_4p_d1_i4_seed13.json,55422138,"0,1",128,4,1,4,13,1.0,0.014334696010337211,1.0,6.113839758996619,426.5064117570217,0.90625,0.3443001510022441,24.018657302112175
data/raw/perlmutter/digits_expanded/digits_55422138_c0v1_128s_4p_d3_i4_seed11.json,55422138,"0,1",128,4,3,4,11,1.0,0.014871666993713006,0.9375,8.757682027004194,588.8836826904812,0.84375,0.531446210006834,35.73548346876667
data/raw/perlmutter/digits_expanded/digits_55422138_c0v1_256s_12p_d1_i3_seed13.json,55422138,"0,1",256,12,1,3,13,1.0,0.016857410009833984,1.0,6.171668242997839,366.110110592168,0.78125,1.4398700570018264,85.41466667547742
data/raw/perlmutter/digits_expanded/digits_55422138_c0v1_256s_4p_d2_i4_seed11.json,55422138,"0,1",256,4,2,4,11,1.0,0.016190686001209542,0.921875,6.30252360200393,389.26847210384375,0.890625,0.8988435029896209,55.51608516911957
data/raw/perlmutter/digits_expanded/digits_55422138_c3v8_128s_12p_d2_i3_seed13.json,55422138,"3,8",128,12,2,3,13,1.0,0.014256964990636334,0.75,5.953489536012057,417.5846359952613,0.53125,0.8493324709997978,59.57316101692197
data/raw/perlmutter/digits_expanded/digits_55422138_c3v8_128s_4p_d1_i4_seed13.json,55422138,"3,8",128,4,1,4,13,0.96875,0.014224120997823775,0.75,6.206786441995064,436.35641477913987,0.59375,0.30726821499411017,21.601912346015673
data/raw/perlmutter/digits_expanded/digits_55422138_c3v8_128s_4p_d3_i4_seed11.json,55422138,"3,8",128,4,3,4,11,0.96875,0.014381626999238506,0.65625,5.948870016989531,413.6437426241494,0.71875,0.5481837469997117,38.11694928736071
data/raw/perlmutter/digits_expanded/digits_55422138_c3v8_256s_12p_d1_i3_seed13.json,55422138,"3,8",256,12,1,3,13,0.984375,0.016722305997973308,0.84375,5.754093949988601,344.09691765513554,0.75,1.4656378510117065,87.64567824493447
data/raw/perlmutter/digits_expanded/digits_55422138_c3v8_256s_4p_d2_i4_seed11.json,55422138,"3,8",256,4,2,4,11,0.921875,0.016679364009178244,0.8125,5.701699455996277,341.8415386137488,0.8125,0.8327650440041907,49.927865567652375
data/raw/perlmutter/digits_expanded/digits_55422138_c4v9_128s_12p_d2_i3_seed13.json,55422138,"4,9",128,12,2,3,13,1.0,0.014508462001685984,0.96875,5.481877195008565,377.83999395466816,0.84375,0.9060196959908353,62.447673356800294
data/raw/perlmutter/digits_expanded/digits_55422138_c4v9_128s_4p_d1_i4_seed13.json,55422138,"4,9",128,4,1,4,13,0.96875,0.014441592007642612,0.96875,5.72001819399884,396.07947593116864,0.8125,0.30785747700429056,21.31741963360894
data/raw/perlmutter/digits_expanded/digits_55422138_c4v9_128s_4p_d3_i4_seed11.json,55422138,"4,9",128,4,3,4,11,1.0,0.01412977700238116,0.9375,5.732154503988568,405.6790495011054,0.5625,0.5480149880022509,38.78440458826059
data/raw/perlmutter/digits_expanded/digits_55422138_c4v9_256s_12p_d1_i3_seed13.json,55422138,"4,9",256,12,1,3,13,1.0,0.01669335000042338,0.96875,5.745564224998816,344.1828168014866,0.671875,1.4492609449953306,86.81666321969972
data/raw/perlmutter/digits_expanded/digits_55422138_c4v9_256s_4p_d2_i4_seed11.json,55422138,"4,9",256,4,2,4,11,1.0,0.01640470999700483,0.90625,5.666424337992794,345.4144778558944,0.75,0.8709349929995369,53.09054492024255
data/raw/perlmutter/digits_expanded/digits_55422138_c5v8_128s_12p_d2_i3_seed13.json,55422138,"5,8",128,12,2,3,13,0.96875,0.01443313600611873,0.78125,6.358947214001091,440.5797334207412,0.6875,0.8639660840126453,59.8599004157086
data/raw/perlmutter/digits_expanded/digits_55422138_c5v8_128s_4p_d1_i4_seed13.json,55422138,"5,8",128,4,1,4,13,1.0,0.014085511997109279,0.875,5.595804846991086,397.2737979378736,0.625,0.31090650499390904,22.072786921605356
data/raw/perlmutter/digits_expanded/digits_55422138_c5v8_128s_4p_d3_i4_seed11.json,55422138,"5,8",128,4,3,4,11,0.96875,0.014159484999254346,0.65625,6.025343824003357,425.534108360626,0.46875,0.5381688350025797,38.00765600097181
data/raw/perlmutter/digits_expanded/digits_55422138_c5v8_256s_12p_d1_i3_seed13.json,55422138,"5,8",256,12,1,3,13,0.96875,0.017306919005932286,0.890625,5.9748675739974715,345.22999569995494,0.59375,1.4547203099937178,84.05426231526731
data/raw/perlmutter/digits_expanded/digits_55422138_c5v8_256s_4p_d2_i4_seed11.json,55422138,"5,8",256,4,2,4,11,0.984375,0.01651205899543129,0.859375,5.69551861200307,344.93085408542686,0.703125,0.8405865539971273,50.907434029257566
data/raw/perlmutter/digits_expanded/digits_55422139_c0v1_128s_16p_d2_i2_seed13.json,55422139,"0,1",128,16,2,2,13,1.0,0.014274094995926134,0.84375,6.549182342001586,458.8159420173917,0.84375,1.1444250630011084,80.17496474051282
data/raw/perlmutter/digits_expanded/digits_55422139_c0v1_128s_8p_d1_i4_seed13.json,55422139,"0,1",128,8,1,4,13,1.0,0.014128803013591096,1.0,6.294043517002137,445.4760612733881,0.90625,0.5585342740087071,39.531606001685304
data/raw/perlmutter/digits_expanded/digits_55422139_c0v1_128s_8p_d3_i4_seed11.json,55422139,"0,1",128,8,3,4,11,1.0,0.014819527990766801,1.0,9.31287127599353,628.4188863367204,0.90625,1.0336737010075012,69.75078434694574
data/raw/perlmutter/digits_expanded/digits_55422139_c0v1_256s_16p_d1_i2_seed13.json,55422139,"0,1",256,16,1,2,13,1.0,0.016827689003548585,1.0,6.174053480994189,366.89847784162276,0.734375,2.003654618994915,119.06891187330528
data/raw/perlmutter/digits_expanded/digits_55422139_c0v1_256s_8p_d2_i4_seed11.json,55422139,"0,1",256,8,2,4,11,1.0,0.0162763529951917,0.953125,6.492074483001488,398.86542672792564,0.90625,1.523517613997683,93.60313176101273
data/raw/perlmutter/digits_expanded/digits_55422139_c3v8_128s_16p_d2_i2_seed13.json,55422139,"3,8",128,16,2,2,13,1.0,0.014121088999672793,0.6875,6.113106329008588,432.9061539906899,0.5625,1.3581337869982235,96.17769472522222
data/raw/perlmutter/digits_expanded/digits_55422139_c3v8_128s_8p_d1_i4_seed13.json,55422139,"3,8",128,8,1,4,13,1.0,0.01408617099514231,0.84375,5.8100838599930285,412.46722491134506,0.5625,0.5562531169998692,39.48930601450856
data/raw/perlmutter/digits_expanded/digits_55422139_c3v8_128s_8p_d3_i4_seed11.json,55422139,"3,8",128,8,3,4,11,0.9375,0.014249526997446083,0.65625,6.05949948100897,425.2421488864159,0.875,0.9971731069963425,69.97938297706753
data/raw/perlmutter/digits_expanded/digits_55422139_c3v8_256s_16p_d1_i2_seed13.json,55422139,"3,8",256,16,1,2,13,1.0,0.01655857799050864,0.859375,6.445629045992973,389.2622331269993,0.75,2.0278225249930983,122.46356698959562
data/raw/perlmutter/digits_expanded/digits_55422139_c3v8_256s_8p_d2_i4_seed11.json,55422139,"3,8",256,8,2,4,11,0.96875,0.016324576004990377,0.859375,6.585725836994243,403.42400531450284,0.78125,1.5173388859984698,92.9481344896568
data/raw/perlmutter/digits_expanded/digits_55422139_c4v9_128s_16p_d2_i2_seed13.json,55422139,"4,9",128,16,2,2,13,1.0,0.014434423996135592,0.9375,6.9008686629968,478.0841040033403,0.84375,1.1663395590003347,80.80263953120603
data/raw/perlmutter/digits_expanded/digits_55422139_c4v9_128s_8p_d1_i4_seed13.json,55422139,"4,9",128,8,1,4,13,0.96875,0.013866787005099468,1.0,6.791669303987874,489.7795936066703,0.78125,0.5456317510106601,39.348102109739315
data/raw/perlmutter/digits_expanded/digits_55422139_c4v9_128s_8p_d3_i4_seed11.json,55422139,"4,9",128,8,3,4,11,1.0,0.014159221987938508,0.8125,6.3813288980018115,450.6835829989619,0.71875,1.0648409920104314,75.20476710637865
data/raw/perlmutter/digits_expanded/digits_55422139_c4v9_256s_16p_d1_i2_seed13.json,55422139,"4,9",256,16,1,2,13,1.0,0.016802861005999148,0.90625,6.705169607012067,399.04928122764994,0.6875,2.044806942998548,121.69397475040041
data/raw/perlmutter/digits_expanded/digits_55422139_c4v9_256s_8p_d2_i4_seed11.json,55422139,"4,9",256,8,2,4,11,1.0,0.016462152008898556,0.921875,6.108676388001186,371.0739874531084,0.71875,1.5315669910050929,93.0356486914475
data/raw/perlmutter/digits_expanded/digits_55422139_c5v8_128s_16p_d2_i2_seed13.json,55422139,"5,8",128,16,2,2,13,1.0,0.014185111998813227,0.78125,7.391144494002219,521.0494280637747,0.6875,1.3921838759997627,98.1440172003039
data/raw/perlmutter/digits_expanded/digits_55422139_c5v8_128s_8p_d1_i4_seed13.json,55422139,"5,8",128,8,1,4,13,1.0,0.014028849996975623,0.96875,6.594986099997186,470.10169054619234,0.5625,0.619439860995044,44.15471411616665
data/raw/perlmutter/digits_expanded/digits_55422139_c5v8_128s_8p_d3_i4_seed11.json,55422139,"5,8",128,8,3,4,11,0.9375,0.013976489004562609,0.71875,6.995219720003661,500.49906795047593,0.46875,1.0307126940024318,73.7461814384111
data/raw/perlmutter/digits_expanded/digits_55422139_c5v8_256s_16p_d1_i2_seed13.json,55422139,"5,8",256,16,1,2,13,0.984375,0.01682148699183017,0.84375,6.925023478004732,411.677248353137,0.609375,2.061842324997997,122.57194182650967
data/raw/perlmutter/digits_expanded/digits_55422139_c5v8_256s_8p_d2_i4_seed11.json,55422139,"5,8",256,8,2,4,11,0.984375,0.016295962006552145,0.859375,11.161378316988703,684.9168102196746,0.6875,1.574406297004316,96.61327734878688
data/raw/perlmutter/digits_expanded/digits_55422141_c0v1_128s_12p_d1_i3_seed11.json,55422141,"0,1",128,12,1,3,11,1.0,0.014724413995281793,0.96875,9.023044664994814,612.7948227947209,0.75,0.661172201987938,44.90312498682802
data/raw/perlmutter/digits_expanded/digits_55422141_c0v1_128s_4p_d2_i4_seed13.json,55422141,"0,1",128,4,2,4,13,1.0,0.013942525998572819,0.9375,6.513235992999398,467.1489222014794,0.84375,0.4036871389980661,28.953658687054855
data/raw/perlmutter/digits_expanded/digits_55422141_c0v1_256s_12p_d2_i3_seed13.json,55422141,"0,1",256,12,2,3,13,1.0,0.01627548600663431,0.90625,6.0603118110011565,372.3582698870446,0.875,2.0407386829901952,125.38726537311004
data/raw/perlmutter/digits_expanded/digits_55422141_c0v1_256s_4p_d1_i4_seed13.json,55422141,"0,1",256,4,1,4,13,1.0,0.01626108899654355,1.0,6.294348898998578,387.08040404529504,0.859375,0.6366319130029297,39.150632109464006
data/raw/perlmutter/digits_expanded/digits_55422141_c0v1_256s_4p_d3_i4_seed11.json,55422141,"0,1",256,4,3,4,11,1.0,0.016163020001840778,0.90625,6.527056634004111,403.82655179915366,0.9375,1.1130220019986155,68.86225481821191
data/raw/perlmutter/digits_expanded/digits_55422141_c3v8_128s_12p_d1_i3_seed11.json,55422141,"3,8",128,12,1,3,11,0.96875,0.014249910003854893,0.96875,6.09819276399503,427.9460545607196,0.6875,0.6232667730073445,43.73829538844372
data/raw/perlmutter/digits_expanded/digits_55422141_c3v8_128s_4p_d2_i4_seed13.json,55422141,"3,8",128,4,2,4,13,0.96875,0.013922136990004219,0.75,5.777730421992601,415.0031296302343,0.5625,0.450747176000732,32.37629225487138
data/raw/perlmutter/digits_expanded/digits_55422141_c3v8_256s_12p_d2_i3_seed13.json,55422141,"3,8",256,12,2,3,13,0.984375,0.016763546998845413,0.796875,6.2971444290014915,375.64510836729283,0.8125,2.0289284830068937,121.03217076592655
data/raw/perlmutter/digits_expanded/digits_55422141_c3v8_256s_4p_d1_i4_seed13.json,55422141,"3,8",256,4,1,4,13,0.96875,0.01611309299187269,0.828125,6.024835806994815,373.9093301350456,0.75,0.6510562500043306,40.40541752801389
data/raw/perlmutter/digits_expanded/digits_55422141_c3v8_256s_4p_d3_i4_seed11.json,55422141,"3,8",256,4,3,4,11,0.921875,0.016002659991499968,0.65625,6.474695922996034,404.60123044763543,0.765625,1.1057167960098013,69.09581260847371
data/raw/perlmutter/digits_expanded/digits_55422141_c4v9_128s_12p_d1_i3_seed11.json,55422141,"4,9",128,12,1,3,11,1.0,0.014203598999301903,0.9375,6.349890948986285,447.06211075787047,0.78125,0.6412913929962087,45.149922426543284
data/raw/perlmutter/digits_expanded/digits_55422141_c4v9_128s_4p_d2_i4_seed13.json,55422141,"4,9",128,4,2,4,13,0.96875,0.01402776999748312,1.0,6.237643379994552,444.6639331207824,0.875,0.444459017002373,31.68422472582017
data/raw/perlmutter/digits_expanded/digits_55422141_c4v9_256s_12p_d2_i3_seed13.json,55422141,"4,9",256,12,2,3,13,1.0,0.01652327000920195,0.90625,6.623991953994846,400.88868306974877,0.796875,2.075271393012372,125.59689406858541
data/raw/perlmutter/digits_expanded/digits_55422141_c4v9_256s_4p_d1_i4_seed13.json,55422141,"4,9",256,4,1,4,13,0.984375,0.01614770900050644,1.0,7.342561945988564,454.71230288818555,0.640625,0.5919584299990674,36.65897310760938
data/raw/perlmutter/digits_expanded/digits_55422141_c4v9_256s_4p_d3_i4_seed11.json,55422141,"4,9",256,4,3,4,11,1.0,0.016122910994454287,0.84375,6.53798408700095,405.50891146454796,0.765625,1.1407965760008665,70.75624100345529
data/raw/perlmutter/digits_expanded/digits_55422141_c5v8_128s_12p_d1_i3_seed11.json,55422141,"5,8",128,12,1,3,11,0.9375,0.014168679001159035,0.84375,7.8035352080041775,550.759545569903,0.65625,0.6241872109967517,44.054015970415556
data/raw/perlmutter/digits_expanded/digits_55422141_c5v8_128s_4p_d2_i4_seed13.json,55422141,"5,8",128,4,2,4,13,1.0,0.013975305002531968,0.65625,8.631107778011938,617.5970954800773,0.625,0.4359621839976171,31.195182067127114
data/raw/perlmutter/digits_expanded/digits_55422141_c5v8_256s_12p_d2_i3_seed13.json,55422141,"5,8",256,12,2,3,13,0.96875,0.01645012899825815,0.828125,6.98808711199672,424.80439592520304,0.671875,2.0429937159933615,124.19317296598022
data/raw/perlmutter/digits_expanded/digits_55422141_c5v8_256s_4p_d1_i4_seed13.json,55422141,"5,8",256,4,1,4,13,0.96875,0.016117797989863902,0.890625,7.0806356289976975,439.3053960255948,0.640625,0.6290154650050681,39.0261414990212
data/raw/perlmutter/digits_expanded/digits_55422141_c5v8_256s_4p_d3_i4_seed11.json,55422141,"5,8",256,4,3,4,11,0.984375,0.016370916011510417,0.671875,9.103470442001708,556.0758136930789,0.5625,1.0981788869976299,67.08108979518914
data/raw/perlmutter/digits_expanded/digits_55422142_c0v1_128s_16p_d1_i2_seed11.json,55422142,"0,1",128,16,1,2,11,1.0,0.015075045026605949,0.9375,9.14492676401278,606.6268291652129,0.6875,1.1142273969890084,73.91204437681668
data/raw/perlmutter/digits_expanded/digits_55422142_c0v1_128s_8p_d2_i4_seed13.json,55422142,"0,1",128,8,2,4,13,1.0,0.014103957015322521,0.96875,6.277898561995244,445.11611565285847,0.84375,0.8317822030221578,58.975094870078706
data/raw/perlmutter/digits_expanded/digits_55422142_c0v1_256s_16p_d2_i2_seed13.json,55422142,"0,1",256,16,2,2,13,1.0,0.016881814983207732,0.859375,6.991556688997662,414.14721675081336,0.859375,2.8983063799969386,171.68215519953696
data/raw/perlmutter/digits_expanded/digits_55422142_c0v1_256s_8p_d1_i4_seed13.json,55422142,"0,1",256,8,1,4,13,1.0,0.01636027797940187,1.0,6.171783283993136,377.24195712099845,0.8125,1.0701009680051357,65.4084832392474
data/raw/perlmutter/digits_expanded/digits_55422142_c0v1_256s_8p_d3_i4_seed11.json,55422142,"0,1",256,8,3,4,11,1.0,0.016491261980263516,0.96875,6.441435734013794,390.59689559979114,0.953125,2.023810979007976,122.72020063898331
data/raw/perlmutter/digits_expanded/digits_55422142_c3v8_128s_16p_d1_i2_seed11.json,55422142,"3,8",128,16,1,2,11,1.0,0.014166547975037247,0.96875,6.124353360006353,432.310918001903,0.6875,1.0953190050204284,77.31728343069044
data/raw/perlmutter/digits_expanded/digits_55422142_c3v8_128s_8p_d2_i4_seed13.json,55422142,"3,8",128,8,2,4,13,1.0,0.014052003010874614,0.71875,5.990150751022156,426.2844767672251,0.53125,0.7538783200143371,53.649171540236864
data/raw/perlmutter/digits_expanded/digits_55422142_c3v8_256s_16p_d2_i2_seed13.json,55422142,"3,8",256,16,2,2,13,1.0,0.01691278300131671,0.8125,6.430703321995679,380.2273890402916,0.75,2.7839235519932117,164.60469881133548
data/raw/perlmutter/digits_expanded/digits_55422142_c3v8_256s_8p_d1_i4_seed13.json,55422142,"3,8",256,8,1,4,13,0.984375,0.016345276002539322,0.875,5.889461465005297,360.31581626950435,0.78125,1.0733257720130496,65.66580899865521
data/raw/perlmutter/digits_expanded/digits_55422142_c3v8_256s_8p_d3_i4_seed11.json,55422142,"3,8",256,8,3,4,11,0.96875,0.016420905012637377,0.78125,6.036911109986249,367.6357122424311,0.734375,2.0686579199973494,125.97709556235355
data/raw/perlmutter/digits_expanded/digits_55422142_c4v9_128s_16p_d1_i2_seed11.json,55422142,"4,9",128,16,1,2,11,1.0,0.014222372003132477,0.9375,6.3710755499778315,447.96153191426873,0.75,1.1031787800020538,77.56644108022759
data/raw/perlmutter/digits_expanded/digits_55422142_c4v9_128s_8p_d2_i4_seed13.json,55422142,"4,9",128,8,2,4,13,0.96875,0.013993088999995962,0.96875,5.673469364992343,405.44795827382933,0.875,0.7945449200051371,56.78123822448113
data/raw/perlmutter/digits_expanded/digits_55422142_c4v9_256s_16p_d2_i2_seed13.json,55422142,"4,9",256,16,2,2,13,1.0,0.016789034008979797,0.9375,6.3329925059806556,377.21005881537826,0.796875,2.8628508769907057,170.5190945148767
data/raw/perlmutter/digits_expanded/digits_55422142_c4v9_256s_8p_d1_i4_seed13.json,55422142,"4,9",256,8,1,4,13,0.984375,0.01647371400031261,1.0,5.889111236989265,357.48533918201514,0.671875,1.0893319030001294,66.12545919999933
data/raw/perlmutter/digits_expanded/digits_55422142_c4v9_256s_8p_d3_i4_seed11.json,55422142,"4,9",256,8,3,4,11,1.0,0.016581511998083442,0.859375,6.383458706986858,384.9744647969789,0.71875,2.073483609012328,125.04792139896468
data/raw/perlmutter/digits_expanded/digits_55422142_c5v8_128s_16p_d1_i2_seed11.json,55422142,"5,8",128,16,1,2,11,0.9375,0.014231792010832578,0.75,6.373681129975012,447.84810831437545,0.59375,1.0996366890030913,77.2662141328442
data/raw/perlmutter/digits_expanded/digits_55422142_c5v8_128s_8p_d2_i4_seed13.json,55422142,"5,8",128,8,2,4,13,1.0,0.014059878973057494,0.8125,6.909651570022106,491.44459801274644,0.65625,0.7774597450043075,55.29633267072421
data/raw/perlmutter/digits_expanded/digits_55422142_c5v8_256s_16p_d2_i2_seed13.json,55422142,"5,8",256,16,2,2,13,0.984375,0.016767402994446456,0.78125,7.162023932993179,427.1397267284217,0.671875,2.8230742139858194,168.36681356801955
data/raw/perlmutter/digits_expanded/digits_55422142_c5v8_256s_8p_d1_i4_seed13.json,55422142,"5,8",256,8,1,4,13,0.984375,0.016304938995745033,0.90625,7.514395267004147,460.86619943595724,0.625,1.0424159549875185,63.93252714772802
data/raw/perlmutter/digits_expanded/digits_55422142_c5v8_256s_8p_d3_i4_seed11.json,55422142,"5,8",256,8,3,4,11,0.984375,0.016633855004329234,0.765625,6.854599737998797,412.08726036236186,0.625,2.0038922049861867,120.47070294075792
