base_seed,evidence_scope,exact_quantum_quality,finite_shot_parameter_search,full_algorithm_loop_covered,measurement_contract,measurement_groups,native_quality,outer_optimizer_sampling,quality_gap_median,quality_pass_probability,quality_tolerance,replicates,same_record_quality_shot_trace,sampled_quality_median,seed,shots,source_path,source_record_id,workload
17,physically_measurable_variant_not_same_feature_map,0.65625,,True,computational-basis Z/nearest-neighbor-ZZ features with retrained softmax head,,1.0,,0.3359375,0.0,0.02,12,False,0.6640625,17,1000,data/raw/perlmutter/practical_suite_sweep/practical_strongnative_32node_large128c0c127_20260704060230_c21_ml_digits_c0v1v2_256s_8q_d2_r0_seed17.json,practical_strongnative_32node_large128c0c127_20260704060230_c21_ml_digits_c0v1v2_256s_8q_d2_r0_seed17,ml
17,physically_measurable_variant_not_same_feature_map,0.65625,,True,computational-basis Z/nearest-neighbor-ZZ features with retrained softmax head,,1.0,,0.328125,0.0,0.02,12,False,0.671875,17,10000,data/raw/perlmutter/practical_suite_sweep/practical_strongnative_32node_large128c0c127_20260704060230_c21_ml_digits_c0v1v2_256s_8q_d2_r0_seed17.json,practical_strongnative_32node_large128c0c127_20260704060230_c21_ml_digits_c0v1v2_256s_8q_d2_r0_seed17,ml
17,physically_measurable_variant_not_same_feature_map,0.65625,,True,computational-basis Z/nearest-neighbor-ZZ features with retrained softmax head,,1.0,,0.34375,0.0,0.02,12,False,0.65625,17,100000,data/raw/perlmutter/practical_suite_sweep/practical_strongnative_32node_large128c0c127_20260704060230_c21_ml_digits_c0v1v2_256s_8q_d2_r0_seed17.json,practical_strongnative_32node_large128c0c127_20260704060230_c21_ml_digits_c0v1v2_256s_8q_d2_r0_seed17,ml
23,physically_measurable_variant_not_same_feature_map,0.75,,True,computational-basis Z/nearest-neighbor-ZZ features with retrained softmax head,,1.0,,0.234375,0.0,0.02,12,False,0.765625,23,1000,data/raw/perlmutter/practical_suite_sweep/practical_strongnative_32node_large128c0c127_20260704060230_c21_ml_digits_c0v1v2_256s_8q_d2_r0_seed23.json,practical_strongnative_32node_large128c0c127_20260704060230_c21_ml_digits_c0v1v2_256s_8q_d2_r0_seed23,ml
23,physically_measurable_variant_not_same_feature_map,0.75,,True,computational-basis Z/nearest-neighbor-ZZ features with retrained softmax head,,1.0,,0.25,0.0,0.02,12,False,0.75,23,10000,data/raw/perlmutter/practical_suite_sweep/practical_strongnative_32node_large128c0c127_20260704060230_c21_ml_digits_c0v1v2_256s_8q_d2_r0_seed23.json,practical_strongnative_32node_large128c0c127_20260704060230_c21_ml_digits_c0v1v2_256s_8q_d2_r0_seed23,ml
23,physically_measurable_variant_not_same_feature_map,0.75,,True,computational-basis Z/nearest-neighbor-ZZ features with retrained softmax head,,1.0,,0.25,0.0,0.02,12,False,0.75,23,100000,data/raw/perlmutter/practical_suite_sweep/practical_strongnative_32node_large128c0c127_20260704060230_c21_ml_digits_c0v1v2_256s_8q_d2_r0_seed23.json,practical_strongnative_32node_large128c0c127_20260704060230_c21_ml_digits_c0v1v2_256s_8q_d2_r0_seed23,ml
31,physically_measurable_variant_not_same_feature_map,0.765625,,True,computational-basis Z/nearest-neighbor-ZZ features with retrained softmax head,,1.0,,0.25,0.0,0.02,12,False,0.75,31,1000,data/raw/perlmutter/practical_suite_sweep/practical_strongnative_32node_large128c0c127_20260704060230_c21_ml_digits_c0v1v2_256s_8q_d2_r0_seed31.json,practical_strongnative_32node_large128c0c127_20260704060230_c21_ml_digits_c0v1v2_256s_8q_d2_r0_seed31,ml
31,physically_measurable_variant_not_same_feature_map,0.765625,,True,computational-basis Z/nearest-neighbor-ZZ features with retrained softmax head,,1.0,,0.234375,0.0,0.02,12,False,0.765625,31,10000,data/raw/perlmutter/practical_suite_sweep/practical_strongnative_32node_large128c0c127_20260704060230_c21_ml_digits_c0v1v2_256s_8q_d2_r0_seed31.json,practical_strongnative_32node_large128c0c127_20260704060230_c21_ml_digits_c0v1v2_256s_8q_d2_r0_seed31,ml
31,physically_measurable_variant_not_same_feature_map,0.765625,,True,computational-basis Z/nearest-neighbor-ZZ features with retrained softmax head,,1.0,,0.234375,0.0,0.02,12,False,0.765625,31,100000,data/raw/perlmutter/practical_suite_sweep/practical_strongnative_32node_large128c0c127_20260704060230_c21_ml_digits_c0v1v2_256s_8q_d2_r0_seed31.json,practical_strongnative_32node_large128c0c127_20260704060230_c21_ml_digits_c0v1v2_256s_8q_d2_r0_seed31,ml
43,physically_measurable_variant_not_same_feature_map,0.671875,,True,computational-basis Z/nearest-neighbor-ZZ features with retrained softmax head,,1.0,,0.34375,0.0,0.02,12,False,0.65625,43,1000,data/raw/perlmutter/practical_suite_sweep/practical_strongnative_32node_large128c0c127_20260704060230_c21_ml_digits_c0v1v2_256s_8q_d2_r0_seed43.json,practical_strongnative_32node_large128c0c127_20260704060230_c21_ml_digits_c0v1v2_256s_8q_d2_r0_seed43,ml
43,physically_measurable_variant_not_same_feature_map,0.671875,,True,computational-basis Z/nearest-neighbor-ZZ features with retrained softmax head,,1.0,,0.328125,0.0,0.02,12,False,0.671875,43,10000,data/raw/perlmutter/practical_suite_sweep/practical_strongnative_32node_large128c0c127_20260704060230_c21_ml_digits_c0v1v2_256s_8q_d2_r0_seed43.json,practical_strongnative_32node_large128c0c127_20260704060230_c21_ml_digits_c0v1v2_256s_8q_d2_r0_seed43,ml
43,physically_measurable_variant_not_same_feature_map,0.671875,,True,computational-basis Z/nearest-neighbor-ZZ features with retrained softmax head,,1.0,,0.328125,0.0,0.02,12,False,0.671875,43,100000,data/raw/perlmutter/practical_suite_sweep/practical_strongnative_32node_large128c0c127_20260704060230_c21_ml_digits_c0v1v2_256s_8q_d2_r0_seed43.json,practical_strongnative_32node_large128c0c127_20260704060230_c21_ml_digits_c0v1v2_256s_8q_d2_r0_seed43,ml
17,same_record_fixed_parameter_output,-1.8569734051608102,,False,QWC Pauli-energy sampling with coefficient-L1 shot allocation,2,-1.85727503020238,not covered,0.007880456530472757,0.5833333333333334,0.01,12,True,-1.8520603544572987,17,1000,data/raw/perlmutter/practical_suite_sweep/practical_strongnative_32node_large128c0c127_20260704060230_c3_chem_h2_l1_grid33_r0_seed17.json,practical_strongnative_32node_large128c0c127_20260704060230_c3_chem_h2_l1_grid33_r0_seed17,chemistry
17,same_record_fixed_parameter_output,-1.8569734051608102,,False,QWC Pauli-energy sampling with coefficient-L1 shot allocation,2,-1.85727503020238,not covered,0.0018858304003299686,1.0,0.01,12,True,-1.8574655168850835,17,10000,data/raw/perlmutter/practical_suite_sweep/practical_strongnative_32node_large128c0c127_20260704060230_c3_chem_h2_l1_grid33_r0_seed17.json,practical_strongnative_32node_large128c0c127_20260704060230_c3_chem_h2_l1_grid33_r0_seed17,chemistry
17,same_record_fixed_parameter_output,-1.8569734051608102,,False,QWC Pauli-energy sampling with coefficient-L1 shot allocation,2,-1.85727503020238,not covered,0.0012592371253826729,1.0,0.01,12,True,-1.8568015728288487,17,100000,data/raw/perlmutter/practical_suite_sweep/practical_strongnative_32node_large128c0c127_20260704060230_c3_chem_h2_l1_grid33_r0_seed17.json,practical_strongnative_32node_large128c0c127_20260704060230_c3_chem_h2_l1_grid33_r0_seed17,chemistry
17,same_record_fixed_parameter_output,-1.348374783094903,,False,QWC Pauli-energy sampling with coefficient-L1 shot allocation,3,-1.705732892552902,not covered,0.3602934764238307,0.0,0.01,12,True,-1.3454394161290715,17,1000,data/raw/perlmutter/practical_suite_sweep/practical_strongnative_32node_large128c0c127_20260704060230_c6_chem_4q_l1_grid17_r0_seed17.json,practical_strongnative_32node_large128c0c127_20260704060230_c6_chem_4q_l1_grid17_r0_seed17,chemistry
17,same_record_fixed_parameter_output,-1.348374783094903,,False,QWC Pauli-energy sampling with coefficient-L1 shot allocation,3,-1.705732892552902,not covered,0.3604557753478801,0.0,0.01,12,True,-1.345277117205022,17,10000,data/raw/perlmutter/practical_suite_sweep/practical_strongnative_32node_large128c0c127_20260704060230_c6_chem_4q_l1_grid17_r0_seed17.json,practical_strongnative_32node_large128c0c127_20260704060230_c6_chem_4q_l1_grid17_r0_seed17,chemistry
17,same_record_fixed_parameter_output,-1.348374783094903,,False,QWC Pauli-energy sampling with coefficient-L1 shot allocation,3,-1.705732892552902,not covered,0.3574376636390265,0.0,0.01,12,True,-1.3482952289138757,17,100000,data/raw/perlmutter/practical_suite_sweep/practical_strongnative_32node_large128c0c127_20260704060230_c6_chem_4q_l1_grid17_r0_seed17.json,practical_strongnative_32node_large128c0c127_20260704060230_c6_chem_4q_l1_grid17_r0_seed17,chemistry
23,same_record_fixed_parameter_output,-1.8569734051608102,,False,QWC Pauli-energy sampling with coefficient-L1 shot allocation,2,-1.85727503020238,not covered,0.015460608603972692,0.3333333333333333,0.01,12,True,-1.8698132097377367,23,1000,data/raw/perlmutter/practical_suite_sweep/practical_strongnative_32node_large128c0c127_20260704060230_c17_chem_h2_l1_grid33_r0_seed23.json,practical_strongnative_32node_large128c0c127_20260704060230_c17_chem_h2_l1_grid33_r0_seed23,chemistry
23,same_record_fixed_parameter_output,-1.8569734051608102,,False,QWC Pauli-energy sampling with coefficient-L1 shot allocation,2,-1.85727503020238,not covered,0.001946937338359711,1.0,0.01,12,True,-1.85831456726214,23,10000,data/raw/perlmutter/practical_suite_sweep/practical_strongnative_32node_large128c0c127_20260704060230_c17_chem_h2_l1_grid33_r0_seed23.json,practical_strongnative_32node_large128c0c127_20260704060230_c17_chem_h2_l1_grid33_r0_seed23,chemistry
23,same_record_fixed_parameter_output,-1.8569734051608102,,False,QWC Pauli-energy sampling with coefficient-L1 shot allocation,2,-1.85727503020238,not covered,0.0012190232899128572,1.0,0.01,12,True,-1.8566655253668753,23,100000,data/raw/perlmutter/practical_suite_sweep/practical_strongnative_32node_large128c0c127_20260704060230_c17_chem_h2_l1_grid33_r0_seed23.json,practical_strongnative_32node_large128c0c127_20260704060230_c17_chem_h2_l1_grid33_r0_seed23,chemistry
23,same_record_fixed_parameter_output,-1.2281036714213254,,False,QWC Pauli-energy sampling with coefficient-L1 shot allocation,3,-1.705732892552902,not covered,0.4822279321513899,0.0,0.01,12,True,-1.2235049604015122,23,1000,data/raw/perlmutter/practical_suite_sweep/practical_strongnative_32node_large128c0c127_20260704060230_c18_chem_4q_l1_grid9_r0_seed23.json,practical_strongnative_32node_large128c0c127_20260704060230_c18_chem_4q_l1_grid9_r0_seed23,chemistry
23,same_record_fixed_parameter_output,-1.2281036714213254,,False,QWC Pauli-energy sampling with coefficient-L1 shot allocation,3,-1.705732892552902,not covered,0.4762076027684642,0.0,0.01,12,True,-1.229525289784438,23,10000,data/raw/perlmutter/practical_suite_sweep/practical_strongnative_32node_large128c0c127_20260704060230_c18_chem_4q_l1_grid9_r0_seed23.json,practical_strongnative_32node_large128c0c127_20260704060230_c18_chem_4q_l1_grid9_r0_seed23,chemistry
23,same_record_fixed_parameter_output,-1.2281036714213254,,False,QWC Pauli-energy sampling with coefficient-L1 shot allocation,3,-1.705732892552902,not covered,0.4769385900423736,0.0,0.01,12,True,-1.2287943025105283,23,100000,data/raw/perlmutter/practical_suite_sweep/practical_strongnative_32node_large128c0c127_20260704060230_c18_chem_4q_l1_grid9_r0_seed23.json,practical_strongnative_32node_large128c0c127_20260704060230_c18_chem_4q_l1_grid9_r0_seed23,chemistry
31,same_record_fixed_parameter_output,-1.8569734051608102,,False,QWC Pauli-energy sampling with coefficient-L1 shot allocation,2,-1.85727503020238,not covered,0.011564036512485165,0.4166666666666667,0.01,12,True,-1.8639101433688405,31,1000,data/raw/perlmutter/practical_suite_sweep/practical_strongnative_32node_large128c0c127_20260704060230_c31_chem_h2_l1_grid33_r0_seed31.json,practical_strongnative_32node_large128c0c127_20260704060230_c31_chem_h2_l1_grid33_r0_seed31,chemistry
31,same_record_fixed_parameter_output,-1.8569734051608102,,False,QWC Pauli-energy sampling with coefficient-L1 shot allocation,2,-1.85727503020238,not covered,0.00364505962272621,1.0,0.01,12,True,-1.854869917227218,31,10000,data/raw/perlmutter/practical_suite_sweep/practical_strongnative_32node_large128c0c127_20260704060230_c31_chem_h2_l1_grid33_r0_seed31.json,practical_strongnative_32node_large128c0c127_20260704060230_c31_chem_h2_l1_grid33_r0_seed31,chemistry
31,same_record_fixed_parameter_output,-1.8569734051608102,,False,QWC Pauli-energy sampling with coefficient-L1 shot allocation,2,-1.85727503020238,not covered,0.0009257747017789031,1.0,0.01,12,True,-1.8580180433866786,31,100000,data/raw/perlmutter/practical_suite_sweep/practical_strongnative_32node_large128c0c127_20260704060230_c31_chem_h2_l1_grid33_r0_seed31.json,practical_strongnative_32node_large128c0c127_20260704060230_c31_chem_h2_l1_grid33_r0_seed31,chemistry
31,same_record_fixed_parameter_output,-1.4525824609769271,,False,QWC Pauli-energy sampling with coefficient-L1 shot allocation,3,-1.705732892552902,not covered,0.26442903114559235,0.0,0.01,12,True,-1.4413038614073097,31,1000,data/raw/perlmutter/practical_suite_sweep/practical_strongnative_32node_large128c0c127_20260704060230_c39_chem_4q_l2_grid9_r0_seed31.json,practical_strongnative_32node_large128c0c127_20260704060230_c39_chem_4q_l2_grid9_r0_seed31,chemistry
31,same_record_fixed_parameter_output,-1.4525824609769271,,False,QWC Pauli-energy sampling with coefficient-L1 shot allocation,3,-1.705732892552902,not covered,0.25716682449461137,0.0,0.01,12,True,-1.4485660680582906,31,10000,data/raw/perlmutter/practical_suite_sweep/practical_strongnative_32node_large128c0c127_20260704060230_c39_chem_4q_l2_grid9_r0_seed31.json,practical_strongnative_32node_large128c0c127_20260704060230_c39_chem_4q_l2_grid9_r0_seed31,chemistry
31,same_record_fixed_parameter_output,-1.4525824609769271,,False,QWC Pauli-energy sampling with coefficient-L1 shot allocation,3,-1.705732892552902,not covered,0.25332425836111105,0.0,0.01,12,True,-1.452408634191791,31,100000,data/raw/perlmutter/practical_suite_sweep/practical_strongnative_32node_large128c0c127_20260704060230_c39_chem_4q_l2_grid9_r0_seed31.json,practical_strongnative_32node_large128c0c127_20260704060230_c39_chem_4q_l2_grid9_r0_seed31,chemistry
43,same_record_fixed_parameter_output,-1.8569734051608102,,False,QWC Pauli-energy sampling with coefficient-L1 shot allocation,2,-1.85727503020238,not covered,0.00979963846038423,0.5,0.01,12,True,-1.8579779728841115,43,1000,data/raw/perlmutter/practical_suite_sweep/practical_strongnative_32node_large128c0c127_20260704060230_c45_chem_h2_l1_grid33_r0_seed43.json,practical_strongnative_32node_large128c0c127_20260704060230_c45_chem_h2_l1_grid33_r0_seed43,chemistry
43,same_record_fixed_parameter_output,-1.8569734051608102,,False,QWC Pauli-energy sampling with coefficient-L1 shot allocation,2,-1.85727503020238,not covered,0.0017689542059867724,1.0,0.01,12,True,-1.8578135432926293,43,10000,data/raw/perlmutter/practical_suite_sweep/practical_strongnative_32node_large128c0c127_20260704060230_c45_chem_h2_l1_grid33_r0_seed43.json,practical_strongnative_32node_large128c0c127_20260704060230_c45_chem_h2_l1_grid33_r0_seed43,chemistry
43,same_record_fixed_parameter_output,-1.8569734051608102,,False,QWC Pauli-energy sampling with coefficient-L1 shot allocation,2,-1.85727503020238,not covered,0.001264356208452111,1.0,0.01,12,True,-1.8567040815265359,43,100000,data/raw/perlmutter/practical_suite_sweep/practical_strongnative_32node_large128c0c127_20260704060230_c45_chem_h2_l1_grid33_r0_seed43.json,practical_strongnative_32node_large128c0c127_20260704060230_c45_chem_h2_l1_grid33_r0_seed43,chemistry
43,same_record_fixed_parameter_output,-1.271535181926569,,False,QWC Pauli-energy sampling with coefficient-L1 shot allocation,3,-1.705732892552902,not covered,0.4302348633997005,0.0,0.01,12,True,-1.2754980291532014,43,1000,data/raw/perlmutter/practical_suite_sweep/practical_strongnative_32node_large128c0c127_20260704060230_c46_chem_4q_l1_grid9_r0_seed43.json,practical_strongnative_32node_large128c0c127_20260704060230_c46_chem_4q_l1_grid9_r0_seed43,chemistry
43,same_record_fixed_parameter_output,-1.271535181926569,,False,QWC Pauli-energy sampling with coefficient-L1 shot allocation,3,-1.705732892552902,not covered,0.4337851874457277,0.0,0.01,12,True,-1.2719477051071744,43,10000,data/raw/perlmutter/practical_suite_sweep/practical_strongnative_32node_large128c0c127_20260704060230_c46_chem_4q_l1_grid9_r0_seed43.json,practical_strongnative_32node_large128c0c127_20260704060230_c46_chem_4q_l1_grid9_r0_seed43,chemistry
43,same_record_fixed_parameter_output,-1.271535181926569,,False,QWC Pauli-energy sampling with coefficient-L1 shot allocation,3,-1.705732892552902,not covered,0.4349326143949874,0.0,0.01,12,True,-1.2708002781579146,43,100000,data/raw/perlmutter/practical_suite_sweep/practical_strongnative_32node_large128c0c127_20260704060230_c46_chem_4q_l1_grid9_r0_seed43.json,practical_strongnative_32node_large128c0c127_20260704060230_c46_chem_4q_l1_grid9_r0_seed43,chemistry
17,same_record_fixed_parameter_output,0.8017527785389225,not covered,False,computational-basis MaxCut sampling at selected parameters,,1.0,,0.19674999999999998,0.0,0.02,12,True,0.80325,17,1000,data/raw/perlmutter/practical_suite_sweep/practical_strongnative_32node_large128c0c127_20260704060230_c103_qaoa_chordal_4n_grid13_r0_seed17.json,practical_strongnative_32node_large128c0c127_20260704060230_c103_qaoa_chordal_4n_grid13_r0_seed17,optimization
17,same_record_fixed_parameter_output,0.8017527785389225,not covered,False,computational-basis MaxCut sampling at selected parameters,,1.0,,0.19799999999999995,0.0,0.02,12,True,0.802,17,10000,data/raw/perlmutter/practical_suite_sweep/practical_strongnative_32node_large128c0c127_20260704060230_c103_qaoa_chordal_4n_grid13_r0_seed17.json,practical_strongnative_32node_large128c0c127_20260704060230_c103_qaoa_chordal_4n_grid13_r0_seed17,optimization
17,same_record_fixed_parameter_output,0.8017527785389225,not covered,False,computational-basis MaxCut sampling at selected parameters,,1.0,,0.19803874999999999,0.0,0.02,12,True,0.80196125,17,100000,data/raw/perlmutter/practical_suite_sweep/practical_strongnative_32node_large128c0c127_20260704060230_c103_qaoa_chordal_4n_grid13_r0_seed17.json,practical_strongnative_32node_large128c0c127_20260704060230_c103_qaoa_chordal_4n_grid13_r0_seed17,optimization
31,same_record_fixed_parameter_output,0.8749999999999991,not covered,False,computational-basis MaxCut sampling at selected parameters,,1.0,,0.1258333333333333,0.0,0.02,12,True,0.8741666666666668,31,1000,data/raw/perlmutter/practical_suite_sweep/practical_strongnative_32node_large128c0c127_20260704060230_c103_qaoa_ring_7n_grid13_r0_seed31.json,practical_strongnative_32node_large128c0c127_20260704060230_c103_qaoa_ring_7n_grid13_r0_seed31,optimization
31,same_record_fixed_parameter_output,0.8749999999999991,not covered,False,computational-basis MaxCut sampling at selected parameters,,1.0,,0.12555000000000005,0.0,0.02,12,True,0.87445,31,10000,data/raw/perlmutter/practical_suite_sweep/practical_strongnative_32node_large128c0c127_20260704060230_c103_qaoa_ring_7n_grid13_r0_seed31.json,practical_strongnative_32node_large128c0c127_20260704060230_c103_qaoa_ring_7n_grid13_r0_seed31,optimization
31,same_record_fixed_parameter_output,0.8749999999999991,not covered,False,computational-basis MaxCut sampling at selected parameters,,1.0,,0.12509500000000007,0.0,0.02,12,True,0.8749049999999999,31,100000,data/raw/perlmutter/practical_suite_sweep/practical_strongnative_32node_large128c0c127_20260704060230_c103_qaoa_ring_7n_grid13_r0_seed31.json,practical_strongnative_32node_large128c0c127_20260704060230_c103_qaoa_ring_7n_grid13_r0_seed31,optimization
31,same_record_fixed_parameter_output,0.7667367566047905,not covered,False,computational-basis MaxCut sampling at selected parameters,,1.0,,0.23093750000000002,0.0,0.02,12,True,0.7690625,31,1000,data/raw/perlmutter/practical_suite_sweep/practical_strongnative_32node_large128c0c127_20260704060230_c107_qaoa_chordal_7n_grid13_r0_seed31.json,practical_strongnative_32node_large128c0c127_20260704060230_c107_qaoa_chordal_7n_grid13_r0_seed31,optimization
31,same_record_fixed_parameter_output,0.7667367566047905,not covered,False,computational-basis MaxCut sampling at selected parameters,,1.0,,0.23319374999999998,0.0,0.02,12,True,0.76680625,31,10000,data/raw/perlmutter/practical_suite_sweep/practical_strongnative_32node_large128c0c127_20260704060230_c107_qaoa_chordal_7n_grid13_r0_seed31.json,practical_strongnative_32node_large128c0c127_20260704060230_c107_qaoa_chordal_7n_grid13_r0_seed31,optimization
31,same_record_fixed_parameter_output,0.7667367566047905,not covered,False,computational-basis MaxCut sampling at selected parameters,,1.0,,0.23336,0.0,0.02,12,True,0.76664,31,100000,data/raw/perlmutter/practical_suite_sweep/practical_strongnative_32node_large128c0c127_20260704060230_c107_qaoa_chordal_7n_grid13_r0_seed31.json,practical_strongnative_32node_large128c0c127_20260704060230_c107_qaoa_chordal_7n_grid13_r0_seed31,optimization
17,same_record_fixed_parameter_output,0.7499999999999997,not covered,False,computational-basis MaxCut sampling at selected parameters,,1.0,,0.24875000000000003,0.0,0.02,12,True,0.75125,17,1000,data/raw/perlmutter/practical_suite_sweep/practical_strongnative_32node_large128c0c127_20260704060230_c107_qaoa_ladder_4n_grid13_r0_seed17.json,practical_strongnative_32node_large128c0c127_20260704060230_c107_qaoa_ladder_4n_grid13_r0_seed17,optimization
17,same_record_fixed_parameter_output,0.7499999999999997,not covered,False,computational-basis MaxCut sampling at selected parameters,,1.0,,0.2471,0.0,0.02,12,True,0.7529,17,10000,data/raw/perlmutter/practical_suite_sweep/practical_strongnative_32node_large128c0c127_20260704060230_c107_qaoa_ladder_4n_grid13_r0_seed17.json,practical_strongnative_32node_large128c0c127_20260704060230_c107_qaoa_ladder_4n_grid13_r0_seed17,optimization
17,same_record_fixed_parameter_output,0.7499999999999997,not covered,False,computational-basis MaxCut sampling at selected parameters,,1.0,,0.24984250000000002,0.0,0.02,12,True,0.7501575,17,100000,data/raw/perlmutter/practical_suite_sweep/practical_strongnative_32node_large128c0c127_20260704060230_c107_qaoa_ladder_4n_grid13_r0_seed17.json,practical_strongnative_32node_large128c0c127_20260704060230_c107_qaoa_ladder_4n_grid13_r0_seed17,optimization
31,same_record_fixed_parameter_output,0.7152839780164366,not covered,False,computational-basis MaxCut sampling at selected parameters,,1.0,,0.284375,0.0,0.02,12,True,0.715625,31,1000,data/raw/perlmutter/practical_suite_sweep/practical_strongnative_32node_large128c0c127_20260704060230_c111_qaoa_ladder_7n_grid13_r0_seed31.json,practical_strongnative_32node_large128c0c127_20260704060230_c111_qaoa_ladder_7n_grid13_r0_seed31,optimization
31,same_record_fixed_parameter_output,0.7152839780164366,not covered,False,computational-basis MaxCut sampling at selected parameters,,1.0,,0.28385625,0.0,0.02,12,True,0.7161437500000001,31,10000,data/raw/perlmutter/practical_suite_sweep/practical_strongnative_32node_large128c0c127_20260704060230_c111_qaoa_ladder_7n_grid13_r0_seed31.json,practical_strongnative_32node_large128c0c127_20260704060230_c111_qaoa_ladder_7n_grid13_r0_seed31,optimization
31,same_record_fixed_parameter_output,0.7152839780164366,not covered,False,computational-basis MaxCut sampling at selected parameters,,1.0,,0.284635625,0.0,0.02,12,True,0.715364375,31,100000,data/raw/perlmutter/practical_suite_sweep/practical_strongnative_32node_large128c0c127_20260704060230_c111_qaoa_ladder_7n_grid13_r0_seed31.json,practical_strongnative_32node_large128c0c127_20260704060230_c111_qaoa_ladder_7n_grid13_r0_seed31,optimization
43,same_record_fixed_parameter_output,0.7499999999999993,not covered,False,computational-basis MaxCut sampling at selected parameters,,1.0,,0.24700000000000005,0.0,0.02,12,True,0.7529999999999999,43,1000,data/raw/perlmutter/practical_suite_sweep/practical_strongnative_32node_large128c0c127_20260704060230_c115_qaoa_ring_4n_grid13_r0_seed43.json,practical_strongnative_32node_large128c0c127_20260704060230_c115_qaoa_ring_4n_grid13_r0_seed43,optimization
43,same_record_fixed_parameter_output,0.7499999999999993,not covered,False,computational-basis MaxCut sampling at selected parameters,,1.0,,0.25077499999999997,0.0,0.02,12,True,0.749225,43,10000,data/raw/perlmutter/practical_suite_sweep/practical_strongnative_32node_large128c0c127_20260704060230_c115_qaoa_ring_4n_grid13_r0_seed43.json,practical_strongnative_32node_large128c0c127_20260704060230_c115_qaoa_ring_4n_grid13_r0_seed43,optimization
43,same_record_fixed_parameter_output,0.7499999999999993,not covered,False,computational-basis MaxCut sampling at selected parameters,,1.0,,0.24952250000000004,0.0,0.02,12,True,0.7504774999999999,43,100000,data/raw/perlmutter/practical_suite_sweep/practical_strongnative_32node_large128c0c127_20260704060230_c115_qaoa_ring_4n_grid13_r0_seed43.json,practical_strongnative_32node_large128c0c127_20260704060230_c115_qaoa_ring_4n_grid13_r0_seed43,optimization
43,same_record_fixed_parameter_output,0.8017527785389225,not covered,False,computational-basis MaxCut sampling at selected parameters,,1.0,,0.20024999999999998,0.0,0.02,12,True,0.79975,43,1000,data/raw/perlmutter/practical_suite_sweep/practical_strongnative_32node_large128c0c127_20260704060230_c119_qaoa_chordal_4n_grid13_r0_seed43.json,practical_strongnative_32node_large128c0c127_20260704060230_c119_qaoa_chordal_4n_grid13_r0_seed43,optimization
43,same_record_fixed_parameter_output,0.8017527785389225,not covered,False,computational-basis MaxCut sampling at selected parameters,,1.0,,0.19765,0.0,0.02,12,True,0.80235,43,10000,data/raw/perlmutter/practical_suite_sweep/practical_strongnative_32node_large128c0c127_20260704060230_c119_qaoa_chordal_4n_grid13_r0_seed43.json,practical_strongnative_32node_large128c0c127_20260704060230_c119_qaoa_chordal_4n_grid13_r0_seed43,optimization
43,same_record_fixed_parameter_output,0.8017527785389225,not covered,False,computational-basis MaxCut sampling at selected parameters,,1.0,,0.19847375,0.0,0.02,12,True,0.80152625,43,100000,data/raw/perlmutter/practical_suite_sweep/practical_strongnative_32node_large128c0c127_20260704060230_c119_qaoa_chordal_4n_grid13_r0_seed43.json,practical_strongnative_32node_large128c0c127_20260704060230_c119_qaoa_chordal_4n_grid13_r0_seed43,optimization
17,same_record_fixed_parameter_output,0.7667367566047905,not covered,False,computational-basis MaxCut sampling at selected parameters,,1.0,,0.23343750000000002,0.0,0.02,12,True,0.7665625,17,1000,data/raw/perlmutter/practical_suite_sweep/practical_strongnative_32node_large128c0c127_20260704060230_c11_qaoa_chordal_7n_grid13_r0_seed17.json,practical_strongnative_32node_large128c0c127_20260704060230_c11_qaoa_chordal_7n_grid13_r0_seed17,optimization
17,same_record_fixed_parameter_output,0.7667367566047905,not covered,False,computational-basis MaxCut sampling at selected parameters,,1.0,,0.23362500000000003,0.0,0.02,12,True,0.766375,17,10000,data/raw/perlmutter/practical_suite_sweep/practical_strongnative_32node_large128c0c127_20260704060230_c11_qaoa_chordal_7n_grid13_r0_seed17.json,practical_strongnative_32node_large128c0c127_20260704060230_c11_qaoa_chordal_7n_grid13_r0_seed17,optimization
17,same_record_fixed_parameter_output,0.7667367566047905,not covered,False,computational-basis MaxCut sampling at selected parameters,,1.0,,0.233093125,0.0,0.02,12,True,0.766906875,17,100000,data/raw/perlmutter/practical_suite_sweep/practical_strongnative_32node_large128c0c127_20260704060230_c11_qaoa_chordal_7n_grid13_r0_seed17.json,practical_strongnative_32node_large128c0c127_20260704060230_c11_qaoa_chordal_7n_grid13_r0_seed17,optimization
43,same_record_fixed_parameter_output,0.7499999999999997,not covered,False,computational-basis MaxCut sampling at selected parameters,,1.0,,0.25199999999999995,0.0,0.02,12,True,0.748,43,1000,data/raw/perlmutter/practical_suite_sweep/practical_strongnative_32node_large128c0c127_20260704060230_c123_qaoa_ladder_4n_grid13_r0_seed43.json,practical_strongnative_32node_large128c0c127_20260704060230_c123_qaoa_ladder_4n_grid13_r0_seed43,optimization
43,same_record_fixed_parameter_output,0.7499999999999997,not covered,False,computational-basis MaxCut sampling at selected parameters,,1.0,,0.250775,0.0,0.02,12,True,0.749225,43,10000,data/raw/perlmutter/practical_suite_sweep/practical_strongnative_32node_large128c0c127_20260704060230_c123_qaoa_ladder_4n_grid13_r0_seed43.json,practical_strongnative_32node_large128c0c127_20260704060230_c123_qaoa_ladder_4n_grid13_r0_seed43,optimization
43,same_record_fixed_parameter_output,0.7499999999999997,not covered,False,computational-basis MaxCut sampling at selected parameters,,1.0,,0.2502125,0.0,0.02,12,True,0.7497875,43,100000,data/raw/perlmutter/practical_suite_sweep/practical_strongnative_32node_large128c0c127_20260704060230_c123_qaoa_ladder_4n_grid13_r0_seed43.json,practical_strongnative_32node_large128c0c127_20260704060230_c123_qaoa_ladder_4n_grid13_r0_seed43,optimization
17,same_record_fixed_parameter_output,0.7152839780164366,not covered,False,computational-basis MaxCut sampling at selected parameters,,1.0,,0.28562499999999996,0.0,0.02,12,True,0.714375,17,1000,data/raw/perlmutter/practical_suite_sweep/practical_strongnative_32node_large128c0c127_20260704060230_c15_qaoa_ladder_7n_grid13_r0_seed17.json,practical_strongnative_32node_large128c0c127_20260704060230_c15_qaoa_ladder_7n_grid13_r0_seed17,optimization
17,same_record_fixed_parameter_output,0.7152839780164366,not covered,False,computational-basis MaxCut sampling at selected parameters,,1.0,,0.28483125,0.0,0.02,12,True,0.71516875,17,10000,data/raw/perlmutter/practical_suite_sweep/practical_strongnative_32node_large128c0c127_20260704060230_c15_qaoa_ladder_7n_grid13_r0_seed17.json,practical_strongnative_32node_large128c0c127_20260704060230_c15_qaoa_ladder_7n_grid13_r0_seed17,optimization
17,same_record_fixed_parameter_output,0.7152839780164366,not covered,False,computational-basis MaxCut sampling at selected parameters,,1.0,,0.284163125,0.0,0.02,12,True,0.7158368749999999,17,100000,data/raw/perlmutter/practical_suite_sweep/practical_strongnative_32node_large128c0c127_20260704060230_c15_qaoa_ladder_7n_grid13_r0_seed17.json,practical_strongnative_32node_large128c0c127_20260704060230_c15_qaoa_ladder_7n_grid13_r0_seed17,optimization
23,same_record_fixed_parameter_output,0.7499999999999993,not covered,False,computational-basis MaxCut sampling at selected parameters,,1.0,,0.2495,0.0,0.02,12,True,0.7505,23,1000,data/raw/perlmutter/practical_suite_sweep/practical_strongnative_32node_large128c0c127_20260704060230_c19_qaoa_ring_4n_grid13_r0_seed23.json,practical_strongnative_32node_large128c0c127_20260704060230_c19_qaoa_ring_4n_grid13_r0_seed23,optimization
23,same_record_fixed_parameter_output,0.7499999999999993,not covered,False,computational-basis MaxCut sampling at selected parameters,,1.0,,0.25029999999999997,0.0,0.02,12,True,0.7497,23,10000,data/raw/perlmutter/practical_suite_sweep/practical_strongnative_32node_large128c0c127_20260704060230_c19_qaoa_ring_4n_grid13_r0_seed23.json,practical_strongnative_32node_large128c0c127_20260704060230_c19_qaoa_ring_4n_grid13_r0_seed23,optimization
23,same_record_fixed_parameter_output,0.7499999999999993,not covered,False,computational-basis MaxCut sampling at selected parameters,,1.0,,0.24947750000000002,0.0,0.02,12,True,0.7505225,23,100000,data/raw/perlmutter/practical_suite_sweep/practical_strongnative_32node_large128c0c127_20260704060230_c19_qaoa_ring_4n_grid13_r0_seed23.json,practical_strongnative_32node_large128c0c127_20260704060230_c19_qaoa_ring_4n_grid13_r0_seed23,optimization
23,same_record_fixed_parameter_output,0.8017527785389225,not covered,False,computational-basis MaxCut sampling at selected parameters,,1.0,,0.196125,0.0,0.02,12,True,0.803875,23,1000,data/raw/perlmutter/practical_suite_sweep/practical_strongnative_32node_large128c0c127_20260704060230_c23_qaoa_chordal_4n_grid13_r0_seed23.json,practical_strongnative_32node_large128c0c127_20260704060230_c23_qaoa_chordal_4n_grid13_r0_seed23,optimization
23,same_record_fixed_parameter_output,0.8017527785389225,not covered,False,computational-basis MaxCut sampling at selected parameters,,1.0,,0.19774999999999998,0.0,0.02,12,True,0.80225,23,10000,data/raw/perlmutter/practical_suite_sweep/practical_strongnative_32node_large128c0c127_20260704060230_c23_qaoa_chordal_4n_grid13_r0_seed23.json,practical_strongnative_32node_large128c0c127_20260704060230_c23_qaoa_chordal_4n_grid13_r0_seed23,optimization
23,same_record_fixed_parameter_output,0.8017527785389225,not covered,False,computational-basis MaxCut sampling at selected parameters,,1.0,,0.19816,0.0,0.02,12,True,0.80184,23,100000,data/raw/perlmutter/practical_suite_sweep/practical_strongnative_32node_large128c0c127_20260704060230_c23_qaoa_chordal_4n_grid13_r0_seed23.json,practical_strongnative_32node_large128c0c127_20260704060230_c23_qaoa_chordal_4n_grid13_r0_seed23,optimization
43,same_record_fixed_parameter_output,0.8749999999999991,not covered,False,computational-basis MaxCut sampling at selected parameters,,1.0,,0.12350000000000005,0.0,0.02,12,True,0.8765,43,1000,data/raw/perlmutter/practical_suite_sweep/practical_strongnative_32node_large128c0c127_20260704060230_c23_qaoa_ring_7n_grid13_r0_seed43.json,practical_strongnative_32node_large128c0c127_20260704060230_c23_qaoa_ring_7n_grid13_r0_seed43,optimization
43,same_record_fixed_parameter_output,0.8749999999999991,not covered,False,computational-basis MaxCut sampling at selected parameters,,1.0,,0.12418333333333331,0.0,0.02,12,True,0.8758166666666667,43,10000,data/raw/perlmutter/practical_suite_sweep/practical_strongnative_32node_large128c0c127_20260704060230_c23_qaoa_ring_7n_grid13_r0_seed43.json,practical_strongnative_32node_large128c0c127_20260704060230_c23_qaoa_ring_7n_grid13_r0_seed43,optimization
43,same_record_fixed_parameter_output,0.8749999999999991,not covered,False,computational-basis MaxCut sampling at selected parameters,,1.0,,0.1250816666666666,0.0,0.02,12,True,0.8749183333333335,43,100000,data/raw/perlmutter/practical_suite_sweep/practical_strongnative_32node_large128c0c127_20260704060230_c23_qaoa_ring_7n_grid13_r0_seed43.json,practical_strongnative_32node_large128c0c127_20260704060230_c23_qaoa_ring_7n_grid13_r0_seed43,optimization
43,same_record_fixed_parameter_output,0.7667367566047905,not covered,False,computational-basis MaxCut sampling at selected parameters,,1.0,,0.23299999999999998,0.0,0.02,12,True,0.767,43,1000,data/raw/perlmutter/practical_suite_sweep/practical_strongnative_32node_large128c0c127_20260704060230_c27_qaoa_chordal_7n_grid13_r0_seed43.json,practical_strongnative_32node_large128c0c127_20260704060230_c27_qaoa_chordal_7n_grid13_r0_seed43,optimization
43,same_record_fixed_parameter_output,0.7667367566047905,not covered,False,computational-basis MaxCut sampling at selected parameters,,1.0,,0.23376249999999998,0.0,0.02,12,True,0.7662375,43,10000,data/raw/perlmutter/practical_suite_sweep/practical_strongnative_32node_large128c0c127_20260704060230_c27_qaoa_chordal_7n_grid13_r0_seed43.json,practical_strongnative_32node_large128c0c127_20260704060230_c27_qaoa_chordal_7n_grid13_r0_seed43,optimization
43,same_record_fixed_parameter_output,0.7667367566047905,not covered,False,computational-basis MaxCut sampling at selected parameters,,1.0,,0.23317062499999996,0.0,0.02,12,True,0.766829375,43,100000,data/raw/perlmutter/practical_suite_sweep/practical_strongnative_32node_large128c0c127_20260704060230_c27_qaoa_chordal_7n_grid13_r0_seed43.json,practical_strongnative_32node_large128c0c127_20260704060230_c27_qaoa_chordal_7n_grid13_r0_seed43,optimization
23,same_record_fixed_parameter_output,0.7499999999999997,not covered,False,computational-basis MaxCut sampling at selected parameters,,1.0,,0.24575000000000002,0.0,0.02,12,True,0.75425,23,1000,data/raw/perlmutter/practical_suite_sweep/practical_strongnative_32node_large128c0c127_20260704060230_c27_qaoa_ladder_4n_grid13_r0_seed23.json,practical_strongnative_32node_large128c0c127_20260704060230_c27_qaoa_ladder_4n_grid13_r0_seed23,optimization
23,same_record_fixed_parameter_output,0.7499999999999997,not covered,False,computational-basis MaxCut sampling at selected parameters,,1.0,,0.25029999999999997,0.0,0.02,12,True,0.7497,23,10000,data/raw/perlmutter/practical_suite_sweep/practical_strongnative_32node_large128c0c127_20260704060230_c27_qaoa_ladder_4n_grid13_r0_seed23.json,practical_strongnative_32node_large128c0c127_20260704060230_c27_qaoa_ladder_4n_grid13_r0_seed23,optimization
23,same_record_fixed_parameter_output,0.7499999999999997,not covered,False,computational-basis MaxCut sampling at selected parameters,,1.0,,0.25017999999999996,0.0,0.02,12,True,0.74982,23,100000,data/raw/perlmutter/practical_suite_sweep/practical_strongnative_32node_large128c0c127_20260704060230_c27_qaoa_ladder_4n_grid13_r0_seed23.json,practical_strongnative_32node_large128c0c127_20260704060230_c27_qaoa_ladder_4n_grid13_r0_seed23,optimization
43,same_record_fixed_parameter_output,0.7152839780164366,not covered,False,computational-basis MaxCut sampling at selected parameters,,1.0,,0.285375,0.0,0.02,12,True,0.7146250000000001,43,1000,data/raw/perlmutter/practical_suite_sweep/practical_strongnative_32node_large128c0c127_20260704060230_c31_qaoa_ladder_7n_grid13_r0_seed43.json,practical_strongnative_32node_large128c0c127_20260704060230_c31_qaoa_ladder_7n_grid13_r0_seed43,optimization
43,same_record_fixed_parameter_output,0.7152839780164366,not covered,False,computational-basis MaxCut sampling at selected parameters,,1.0,,0.2857,0.0,0.02,12,True,0.7142999999999999,43,10000,data/raw/perlmutter/practical_suite_sweep/practical_strongnative_32node_large128c0c127_20260704060230_c31_qaoa_ladder_7n_grid13_r0_seed43.json,practical_strongnative_32node_large128c0c127_20260704060230_c31_qaoa_ladder_7n_grid13_r0_seed43,optimization
43,same_record_fixed_parameter_output,0.7152839780164366,not covered,False,computational-basis MaxCut sampling at selected parameters,,1.0,,0.28461375,0.0,0.02,12,True,0.71538625,43,100000,data/raw/perlmutter/practical_suite_sweep/practical_strongnative_32node_large128c0c127_20260704060230_c31_qaoa_ladder_7n_grid13_r0_seed43.json,practical_strongnative_32node_large128c0c127_20260704060230_c31_qaoa_ladder_7n_grid13_r0_seed43,optimization
23,same_record_fixed_parameter_output,0.8749999999999991,not covered,False,computational-basis MaxCut sampling at selected parameters,,1.0,,0.1236666666666667,0.0,0.02,12,True,0.8763333333333333,23,1000,data/raw/perlmutter/practical_suite_sweep/practical_strongnative_32node_large128c0c127_20260704060230_c55_qaoa_ring_7n_grid13_r0_seed23.json,practical_strongnative_32node_large128c0c127_20260704060230_c55_qaoa_ring_7n_grid13_r0_seed23,optimization
23,same_record_fixed_parameter_output,0.8749999999999991,not covered,False,computational-basis MaxCut sampling at selected parameters,,1.0,,0.12424999999999997,0.0,0.02,12,True,0.87575,23,10000,data/raw/perlmutter/practical_suite_sweep/practical_strongnative_32node_large128c0c127_20260704060230_c55_qaoa_ring_7n_grid13_r0_seed23.json,practical_strongnative_32node_large128c0c127_20260704060230_c55_qaoa_ring_7n_grid13_r0_seed23,optimization
23,same_record_fixed_parameter_output,0.8749999999999991,not covered,False,computational-basis MaxCut sampling at selected parameters,,1.0,,0.12497000000000003,0.0,0.02,12,True,0.87503,23,100000,data/raw/perlmutter/practical_suite_sweep/practical_strongnative_32node_large128c0c127_20260704060230_c55_qaoa_ring_7n_grid13_r0_seed23.json,practical_strongnative_32node_large128c0c127_20260704060230_c55_qaoa_ring_7n_grid13_r0_seed23,optimization
23,same_record_fixed_parameter_output,0.7667367566047905,not covered,False,computational-basis MaxCut sampling at selected parameters,,1.0,,0.23387500000000006,0.0,0.02,12,True,0.766125,23,1000,data/raw/perlmutter/practical_suite_sweep/practical_strongnative_32node_large128c0c127_20260704060230_c59_qaoa_chordal_7n_grid13_r0_seed23.json,practical_strongnative_32node_large128c0c127_20260704060230_c59_qaoa_chordal_7n_grid13_r0_seed23,optimization
23,same_record_fixed_parameter_output,0.7667367566047905,not covered,False,computational-basis MaxCut sampling at selected parameters,,1.0,,0.23356875,0.0,0.02,12,True,0.76643125,23,10000,data/raw/perlmutter/practical_suite_sweep/practical_strongnative_32node_large128c0c127_20260704060230_c59_qaoa_chordal_7n_grid13_r0_seed23.json,practical_strongnative_32node_large128c0c127_20260704060230_c59_qaoa_chordal_7n_grid13_r0_seed23,optimization
23,same_record_fixed_parameter_output,0.7667367566047905,not covered,False,computational-basis MaxCut sampling at selected parameters,,1.0,,0.233428125,0.0,0.02,12,True,0.766571875,23,100000,data/raw/perlmutter/practical_suite_sweep/practical_strongnative_32node_large128c0c127_20260704060230_c59_qaoa_chordal_7n_grid13_r0_seed23.json,practical_strongnative_32node_large128c0c127_20260704060230_c59_qaoa_chordal_7n_grid13_r0_seed23,optimization
23,same_record_fixed_parameter_output,0.7152839780164366,not covered,False,computational-basis MaxCut sampling at selected parameters,,1.0,,0.28137500000000004,0.0,0.02,12,True,0.718625,23,1000,data/raw/perlmutter/practical_suite_sweep/practical_strongnative_32node_large128c0c127_20260704060230_c63_qaoa_ladder_7n_grid13_r0_seed23.json,practical_strongnative_32node_large128c0c127_20260704060230_c63_qaoa_ladder_7n_grid13_r0_seed23,optimization
23,same_record_fixed_parameter_output,0.7152839780164366,not covered,False,computational-basis MaxCut sampling at selected parameters,,1.0,,0.28473750000000003,0.0,0.02,12,True,0.7152624999999999,23,10000,data/raw/perlmutter/practical_suite_sweep/practical_strongnative_32node_large128c0c127_20260704060230_c63_qaoa_ladder_7n_grid13_r0_seed23.json,practical_strongnative_32node_large128c0c127_20260704060230_c63_qaoa_ladder_7n_grid13_r0_seed23,optimization
23,same_record_fixed_parameter_output,0.7152839780164366,not covered,False,computational-basis MaxCut sampling at selected parameters,,1.0,,0.28463,0.0,0.02,12,True,0.7153700000000001,23,100000,data/raw/perlmutter/practical_suite_sweep/practical_strongnative_32node_large128c0c127_20260704060230_c63_qaoa_ladder_7n_grid13_r0_seed23.json,practical_strongnative_32node_large128c0c127_20260704060230_c63_qaoa_ladder_7n_grid13_r0_seed23,optimization
31,same_record_fixed_parameter_output,0.7499999999999993,not covered,False,computational-basis MaxCut sampling at selected parameters,,1.0,,0.24925000000000003,0.0,0.02,12,True,0.75075,31,1000,data/raw/perlmutter/practical_suite_sweep/practical_strongnative_32node_large128c0c127_20260704060230_c67_qaoa_ring_4n_grid13_r0_seed31.json,practical_strongnative_32node_large128c0c127_20260704060230_c67_qaoa_ring_4n_grid13_r0_seed31,optimization
31,same_record_fixed_parameter_output,0.7499999999999993,not covered,False,computational-basis MaxCut sampling at selected parameters,,1.0,,0.25162500000000004,0.0,0.02,12,True,0.748375,31,10000,data/raw/perlmutter/practical_suite_sweep/practical_strongnative_32node_large128c0c127_20260704060230_c67_qaoa_ring_4n_grid13_r0_seed31.json,practical_strongnative_32node_large128c0c127_20260704060230_c67_qaoa_ring_4n_grid13_r0_seed31,optimization
31,same_record_fixed_parameter_output,0.7499999999999993,not covered,False,computational-basis MaxCut sampling at selected parameters,,1.0,,0.250355,0.0,0.02,12,True,0.749645,31,100000,data/raw/perlmutter/practical_suite_sweep/practical_strongnative_32node_large128c0c127_20260704060230_c67_qaoa_ring_4n_grid13_r0_seed31.json,practical_strongnative_32node_large128c0c127_20260704060230_c67_qaoa_ring_4n_grid13_r0_seed31,optimization
31,same_record_fixed_parameter_output,0.8017527785389225,not covered,False,computational-basis MaxCut sampling at selected parameters,,1.0,,0.2005,0.0,0.02,12,True,0.7995,31,1000,data/raw/perlmutter/practical_suite_sweep/practical_strongnative_32node_large128c0c127_20260704060230_c71_qaoa_chordal_4n_grid13_r0_seed31.json,practical_strongnative_32node_large128c0c127_20260704060230_c71_qaoa_chordal_4n_grid13_r0_seed31,optimization
31,same_record_fixed_parameter_output,0.8017527785389225,not covered,False,computational-basis MaxCut sampling at selected parameters,,1.0,,0.19775000000000004,0.0,0.02,12,True,0.8022499999999999,31,10000,data/raw/perlmutter/practical_suite_sweep/practical_strongnative_32node_large128c0c127_20260704060230_c71_qaoa_chordal_4n_grid13_r0_seed31.json,practical_strongnative_32node_large128c0c127_20260704060230_c71_qaoa_chordal_4n_grid13_r0_seed31,optimization
31,same_record_fixed_parameter_output,0.8017527785389225,not covered,False,computational-basis MaxCut sampling at selected parameters,,1.0,,0.19825875000000004,0.0,0.02,12,True,0.80174125,31,100000,data/raw/perlmutter/practical_suite_sweep/practical_strongnative_32node_large128c0c127_20260704060230_c71_qaoa_chordal_4n_grid13_r0_seed31.json,practical_strongnative_32node_large128c0c127_20260704060230_c71_qaoa_chordal_4n_grid13_r0_seed31,optimization
31,same_record_fixed_parameter_output,0.7499999999999997,not covered,False,computational-basis MaxCut sampling at selected parameters,,1.0,,0.25399999999999995,0.0,0.02,12,True,0.746,31,1000,data/raw/perlmutter/practical_suite_sweep/practical_strongnative_32node_large128c0c127_20260704060230_c75_qaoa_ladder_4n_grid13_r0_seed31.json,practical_strongnative_32node_large128c0c127_20260704060230_c75_qaoa_ladder_4n_grid13_r0_seed31,optimization
31,same_record_fixed_parameter_output,0.7499999999999997,not covered,False,computational-basis MaxCut sampling at selected parameters,,1.0,,0.25017500000000004,0.0,0.02,12,True,0.749825,31,10000,data/raw/perlmutter/practical_suite_sweep/practical_strongnative_32node_large128c0c127_20260704060230_c75_qaoa_ladder_4n_grid13_r0_seed31.json,practical_strongnative_32node_large128c0c127_20260704060230_c75_qaoa_ladder_4n_grid13_r0_seed31,optimization
31,same_record_fixed_parameter_output,0.7499999999999997,not covered,False,computational-basis MaxCut sampling at selected parameters,,1.0,,0.250315,0.0,0.02,12,True,0.7496849999999999,31,100000,data/raw/perlmutter/practical_suite_sweep/practical_strongnative_32node_large128c0c127_20260704060230_c75_qaoa_ladder_4n_grid13_r0_seed31.json,practical_strongnative_32node_large128c0c127_20260704060230_c75_qaoa_ladder_4n_grid13_r0_seed31,optimization
17,same_record_fixed_parameter_output,0.8749999999999991,not covered,False,computational-basis MaxCut sampling at selected parameters,,1.0,,0.12599999999999995,0.0,0.02,12,True,0.8740000000000001,17,1000,data/raw/perlmutter/practical_suite_sweep/practical_strongnative_32node_large128c0c127_20260704060230_c7_qaoa_ring_7n_grid13_r0_seed17.json,practical_strongnative_32node_large128c0c127_20260704060230_c7_qaoa_ring_7n_grid13_r0_seed17,optimization
17,same_record_fixed_parameter_output,0.8749999999999991,not covered,False,computational-basis MaxCut sampling at selected parameters,,1.0,,0.12528333333333336,0.0,0.02,12,True,0.8747166666666666,17,10000,data/raw/perlmutter/practical_suite_sweep/practical_strongnative_32node_large128c0c127_20260704060230_c7_qaoa_ring_7n_grid13_r0_seed17.json,practical_strongnative_32node_large128c0c127_20260704060230_c7_qaoa_ring_7n_grid13_r0_seed17,optimization
17,same_record_fixed_parameter_output,0.8749999999999991,not covered,False,computational-basis MaxCut sampling at selected parameters,,1.0,,0.12518999999999997,0.0,0.02,12,True,0.8748100000000001,17,100000,data/raw/perlmutter/practical_suite_sweep/practical_strongnative_32node_large128c0c127_20260704060230_c7_qaoa_ring_7n_grid13_r0_seed17.json,practical_strongnative_32node_large128c0c127_20260704060230_c7_qaoa_ring_7n_grid13_r0_seed17,optimization
17,same_record_fixed_parameter_output,0.7499999999999993,not covered,False,computational-basis MaxCut sampling at selected parameters,,1.0,,0.24925000000000003,0.0,0.02,12,True,0.75075,17,1000,data/raw/perlmutter/practical_suite_sweep/practical_strongnative_32node_large128c0c127_20260704060230_c99_qaoa_ring_4n_grid13_r0_seed17.json,practical_strongnative_32node_large128c0c127_20260704060230_c99_qaoa_ring_4n_grid13_r0_seed17,optimization
17,same_record_fixed_parameter_output,0.7499999999999993,not covered,False,computational-basis MaxCut sampling at selected parameters,,1.0,,0.248075,0.0,0.02,12,True,0.751925,17,10000,data/raw/perlmutter/practical_suite_sweep/practical_strongnative_32node_large128c0c127_20260704060230_c99_qaoa_ring_4n_grid13_r0_seed17.json,practical_strongnative_32node_large128c0c127_20260704060230_c99_qaoa_ring_4n_grid13_r0_seed17,optimization
17,same_record_fixed_parameter_output,0.7499999999999993,not covered,False,computational-basis MaxCut sampling at selected parameters,,1.0,,0.2495775,0.0,0.02,12,True,0.7504225,17,100000,data/raw/perlmutter/practical_suite_sweep/practical_strongnative_32node_large128c0c127_20260704060230_c99_qaoa_ring_4n_grid13_r0_seed17.json,practical_strongnative_32node_large128c0c127_20260704060230_c99_qaoa_ring_4n_grid13_r0_seed17,optimization
23,same_record_full_application_output,0.820673031863585,,True,terminal Z0 Bernoulli sampling,,0.8218024506329117,,0.016197549367088393,0.3333333333333333,0.01,12,True,0.8250000000000001,23,1000,data/raw/perlmutter/practical_suite_sweep/practical_strongnative_32node_large128c0c127_20260704060230_c0_sim_tfim_4q_4steps_r0_seed23.json,practical_strongnative_32node_large128c0c127_20260704060230_c0_sim_tfim_4q_4steps_r0_seed23,simulation
23,same_record_full_application_output,0.820673031863585,,True,terminal Z0 Bernoulli sampling,,0.8218024506329117,,0.004102450632911703,0.9166666666666666,0.01,12,True,0.8199,23,10000,data/raw/perlmutter/practical_suite_sweep/practical_strongnative_32node_large128c0c127_20260704060230_c0_sim_tfim_4q_4steps_r0_seed23.json,practical_strongnative_32node_large128c0c127_20260704060230_c0_sim_tfim_4q_4steps_r0_seed23,simulation
23,same_record_full_application_output,0.820673031863585,,True,terminal Z0 Bernoulli sampling,,0.8218024506329117,,0.001662450632911705,1.0,0.01,12,True,0.82014,23,100000,data/raw/perlmutter/practical_suite_sweep/practical_strongnative_32node_large128c0c127_20260704060230_c0_sim_tfim_4q_4steps_r0_seed23.json,practical_strongnative_32node_large128c0c127_20260704060230_c0_sim_tfim_4q_4steps_r0_seed23,simulation
17,same_record_full_application_output,0.8206730318635873,,True,terminal Z0 Bernoulli sampling,,0.8218024506329149,,0.008000000000000007,0.6666666666666666,0.01,12,True,0.8200000000000001,17,1000,data/raw/perlmutter/practical_suite_sweep/practical_strongnative_32node_large128c0c127_20260704060230_c108_sim_tfim_7q_4steps_r0_seed17.json,practical_strongnative_32node_large128c0c127_20260704060230_c108_sim_tfim_7q_4steps_r0_seed17,simulation
17,same_record_full_application_output,0.8206730318635873,,True,terminal Z0 Bernoulli sampling,,0.8218024506329149,,0.0049000000000000155,1.0,0.01,12,True,0.82,17,10000,data/raw/perlmutter/practical_suite_sweep/practical_strongnative_32node_large128c0c127_20260704060230_c108_sim_tfim_7q_4steps_r0_seed17.json,practical_strongnative_32node_large128c0c127_20260704060230_c108_sim_tfim_7q_4steps_r0_seed17,simulation
17,same_record_full_application_output,0.8206730318635873,,True,terminal Z0 Bernoulli sampling,,0.8218024506329149,,0.0016624506329149247,1.0,0.01,12,True,0.82014,17,100000,data/raw/perlmutter/practical_suite_sweep/practical_strongnative_32node_large128c0c127_20260704060230_c108_sim_tfim_7q_4steps_r0_seed17.json,practical_strongnative_32node_large128c0c127_20260704060230_c108_sim_tfim_7q_4steps_r0_seed17,simulation
17,same_record_full_application_output,0.8216225570780562,,True,terminal Z0 Bernoulli sampling,,0.8218024506329149,,0.008000000000000007,0.6666666666666666,0.01,12,True,0.8200000000000001,17,1000,data/raw/perlmutter/practical_suite_sweep/practical_strongnative_32node_large128c0c127_20260704060230_c111_sim_tfim_7q_10steps_r0_seed17.json,practical_strongnative_32node_large128c0c127_20260704060230_c111_sim_tfim_7q_10steps_r0_seed17,simulation
17,same_record_full_application_output,0.8216225570780562,,True,terminal Z0 Bernoulli sampling,,0.8218024506329149,,0.0042000000000000925,1.0,0.01,12,True,0.8210000000000001,17,10000,data/raw/perlmutter/practical_suite_sweep/practical_strongnative_32node_large128c0c127_20260704060230_c111_sim_tfim_7q_10steps_r0_seed17.json,practical_strongnative_32node_large128c0c127_20260704060230_c111_sim_tfim_7q_10steps_r0_seed17,simulation
17,same_record_full_application_output,0.8216225570780562,,True,terminal Z0 Bernoulli sampling,,0.8218024506329149,,0.0012224506329148177,1.0,0.01,12,True,0.8211,17,100000,data/raw/perlmutter/practical_suite_sweep/practical_strongnative_32node_large128c0c127_20260704060230_c111_sim_tfim_7q_10steps_r0_seed17.json,practical_strongnative_32node_large128c0c127_20260704060230_c111_sim_tfim_7q_10steps_r0_seed17,simulation
17,same_record_full_application_output,-0.13193164268309854,,True,terminal Z0 Bernoulli sampling,,0.05328055679997454,,0.17928055679997454,0.0,0.01,12,True,-0.126,17,1000,data/raw/perlmutter/practical_suite_sweep/practical_strongnative_32node_large128c0c127_20260704060230_c112_sim_heisenberg_4q_4steps_r0_seed17.json,practical_strongnative_32node_large128c0c127_20260704060230_c112_sim_heisenberg_4q_4steps_r0_seed17,simulation
17,same_record_full_application_output,-0.13193164268309854,,True,terminal Z0 Bernoulli sampling,,0.05328055679997454,,0.18428055679997454,0.0,0.01,12,True,-0.131,17,10000,data/raw/perlmutter/practical_suite_sweep/practical_strongnative_32node_large128c0c127_20260704060230_c112_sim_heisenberg_4q_4steps_r0_seed17.json,practical_strongnative_32node_large128c0c127_20260704060230_c112_sim_heisenberg_4q_4steps_r0_seed17,simulation
17,same_record_full_application_output,-0.13193164268309854,,True,terminal Z0 Bernoulli sampling,,0.05328055679997454,,0.18430055679997456,0.0,0.01,12,True,-0.13102000000000003,17,100000,data/raw/perlmutter/practical_suite_sweep/practical_strongnative_32node_large128c0c127_20260704060230_c112_sim_heisenberg_4q_4steps_r0_seed17.json,practical_strongnative_32node_large128c0c127_20260704060230_c112_sim_heisenberg_4q_4steps_r0_seed17,simulation
17,same_record_full_application_output,-0.07653059994319217,,True,terminal Z0 Bernoulli sampling,,0.05328055679997454,,0.12428055679997449,0.0,0.01,12,True,-0.07099999999999995,17,1000,data/raw/perlmutter/practical_suite_sweep/practical_strongnative_32node_large128c0c127_20260704060230_c115_sim_heisenberg_4q_10steps_r0_seed17.json,practical_strongnative_32node_large128c0c127_20260704060230_c115_sim_heisenberg_4q_10steps_r0_seed17,simulation
17,same_record_full_application_output,-0.07653059994319217,,True,terminal Z0 Bernoulli sampling,,0.05328055679997454,,0.12888055679997454,0.0,0.01,12,True,-0.0756,17,10000,data/raw/perlmutter/practical_suite_sweep/practical_strongnative_32node_large128c0c127_20260704060230_c115_sim_heisenberg_4q_10steps_r0_seed17.json,practical_strongnative_32node_large128c0c127_20260704060230_c115_sim_heisenberg_4q_10steps_r0_seed17,simulation
17,same_record_full_application_output,-0.07653059994319217,,True,terminal Z0 Bernoulli sampling,,0.05328055679997454,,0.12890055679997456,0.0,0.01,12,True,-0.07562000000000002,17,100000,data/raw/perlmutter/practical_suite_sweep/practical_strongnative_32node_large128c0c127_20260704060230_c115_sim_heisenberg_4q_10steps_r0_seed17.json,practical_strongnative_32node_large128c0c127_20260704060230_c115_sim_heisenberg_4q_10steps_r0_seed17,simulation
17,same_record_full_application_output,-0.13003518922488988,,True,terminal Z0 Bernoulli sampling,,-0.02818565466473985,,0.09581434533526015,0.0,0.01,12,True,-0.124,17,1000,data/raw/perlmutter/practical_suite_sweep/practical_strongnative_32node_large128c0c127_20260704060230_c124_sim_heisenberg_7q_4steps_r0_seed17.json,practical_strongnative_32node_large128c0c127_20260704060230_c124_sim_heisenberg_7q_4steps_r0_seed17,simulation
17,same_record_full_application_output,-0.13003518922488988,,True,terminal Z0 Bernoulli sampling,,-0.02818565466473985,,0.10081434533526015,0.0,0.01,12,True,-0.129,17,10000,data/raw/perlmutter/practical_suite_sweep/practical_strongnative_32node_large128c0c127_20260704060230_c124_sim_heisenberg_7q_4steps_r0_seed17.json,practical_strongnative_32node_large128c0c127_20260704060230_c124_sim_heisenberg_7q_4steps_r0_seed17,simulation
17,same_record_full_application_output,-0.13003518922488988,,True,terminal Z0 Bernoulli sampling,,-0.02818565466473985,,0.10093434533526016,0.0,0.01,12,True,-0.12912,17,100000,data/raw/perlmutter/practical_suite_sweep/practical_strongnative_32node_large128c0c127_20260704060230_c124_sim_heisenberg_7q_4steps_r0_seed17.json,practical_strongnative_32node_large128c0c127_20260704060230_c124_sim_heisenberg_7q_4steps_r0_seed17,simulation
17,same_record_full_application_output,-0.06460185083992837,,True,terminal Z0 Bernoulli sampling,,-0.02818565466473985,,0.030999999999999972,0.0,0.01,12,True,-0.059,17,1000,data/raw/perlmutter/practical_suite_sweep/practical_strongnative_32node_large128c0c127_20260704060230_c127_sim_heisenberg_7q_10steps_r0_seed17.json,practical_strongnative_32node_large128c0c127_20260704060230_c127_sim_heisenberg_7q_10steps_r0_seed17,simulation
17,same_record_full_application_output,-0.06460185083992837,,True,terminal Z0 Bernoulli sampling,,-0.02818565466473985,,0.03541434533526014,0.0,0.01,12,True,-0.06359999999999999,17,10000,data/raw/perlmutter/practical_suite_sweep/practical_strongnative_32node_large128c0c127_20260704060230_c127_sim_heisenberg_7q_10steps_r0_seed17.json,practical_strongnative_32node_large128c0c127_20260704060230_c127_sim_heisenberg_7q_10steps_r0_seed17,simulation
17,same_record_full_application_output,-0.06460185083992837,,True,terminal Z0 Bernoulli sampling,,-0.02818565466473985,,0.03549434533526016,0.0,0.01,12,True,-0.06368000000000001,17,100000,data/raw/perlmutter/practical_suite_sweep/practical_strongnative_32node_large128c0c127_20260704060230_c127_sim_heisenberg_7q_10steps_r0_seed17.json,practical_strongnative_32node_large128c0c127_20260704060230_c127_sim_heisenberg_7q_10steps_r0_seed17,simulation
23,same_record_full_application_output,0.8206730318635873,,True,terminal Z0 Bernoulli sampling,,0.8218024506329149,,0.016197549367085173,0.3333333333333333,0.01,12,True,0.8250000000000001,23,1000,data/raw/perlmutter/practical_suite_sweep/practical_strongnative_32node_large128c0c127_20260704060230_c12_sim_tfim_7q_4steps_r0_seed23.json,practical_strongnative_32node_large128c0c127_20260704060230_c12_sim_tfim_7q_4steps_r0_seed23,simulation
23,same_record_full_application_output,0.8206730318635873,,True,terminal Z0 Bernoulli sampling,,0.8218024506329149,,0.004102450632914922,0.9166666666666666,0.01,12,True,0.8199,23,10000,data/raw/perlmutter/practical_suite_sweep/practical_strongnative_32node_large128c0c127_20260704060230_c12_sim_tfim_7q_4steps_r0_seed23.json,practical_strongnative_32node_large128c0c127_20260704060230_c12_sim_tfim_7q_4steps_r0_seed23,simulation
23,same_record_full_application_output,0.8206730318635873,,True,terminal Z0 Bernoulli sampling,,0.8218024506329149,,0.0016624506329149247,1.0,0.01,12,True,0.82014,23,100000,data/raw/perlmutter/practical_suite_sweep/practical_strongnative_32node_large128c0c127_20260704060230_c12_sim_tfim_7q_4steps_r0_seed23.json,practical_strongnative_32node_large128c0c127_20260704060230_c12_sim_tfim_7q_4steps_r0_seed23,simulation
23,same_record_full_application_output,0.8216225570780562,,True,terminal Z0 Bernoulli sampling,,0.8218024506329149,,0.016197549367085173,0.3333333333333333,0.01,12,True,0.8250000000000001,23,1000,data/raw/perlmutter/practical_suite_sweep/practical_strongnative_32node_large128c0c127_20260704060230_c15_sim_tfim_7q_10steps_r0_seed23.json,practical_strongnative_32node_large128c0c127_20260704060230_c15_sim_tfim_7q_10steps_r0_seed23,simulation
23,same_record_full_application_output,0.8216225570780562,,True,terminal Z0 Bernoulli sampling,,0.8218024506329149,,0.0039000000000000146,1.0,0.01,12,True,0.8209000000000001,23,10000,data/raw/perlmutter/practical_suite_sweep/practical_strongnative_32node_large128c0c127_20260704060230_c15_sim_tfim_7q_10steps_r0_seed23.json,practical_strongnative_32node_large128c0c127_20260704060230_c15_sim_tfim_7q_10steps_r0_seed23,simulation
23,same_record_full_application_output,0.8216225570780562,,True,terminal Z0 Bernoulli sampling,,0.8218024506329149,,0.0013099999999999223,1.0,0.01,12,True,0.8211,23,100000,data/raw/perlmutter/practical_suite_sweep/practical_strongnative_32node_large128c0c127_20260704060230_c15_sim_tfim_7q_10steps_r0_seed23.json,practical_strongnative_32node_large128c0c127_20260704060230_c15_sim_tfim_7q_10steps_r0_seed23,simulation
23,same_record_full_application_output,-0.13193164268309854,,True,terminal Z0 Bernoulli sampling,,0.05328055679997454,,0.19528055679997455,0.0,0.01,12,True,-0.14200000000000002,23,1000,data/raw/perlmutter/practical_suite_sweep/practical_strongnative_32node_large128c0c127_20260704060230_c16_sim_heisenberg_4q_4steps_r0_seed23.json,practical_strongnative_32node_large128c0c127_20260704060230_c16_sim_heisenberg_4q_4steps_r0_seed23,simulation
23,same_record_full_application_output,-0.13193164268309854,,True,terminal Z0 Bernoulli sampling,,0.05328055679997454,,0.18398055679997458,0.0,0.01,12,True,-0.13070000000000004,23,10000,data/raw/perlmutter/practical_suite_sweep/practical_strongnative_32node_large128c0c127_20260704060230_c16_sim_heisenberg_4q_4steps_r0_seed23.json,practical_strongnative_32node_large128c0c127_20260704060230_c16_sim_heisenberg_4q_4steps_r0_seed23,simulation
23,same_record_full_application_output,-0.13193164268309854,,True,terminal Z0 Bernoulli sampling,,0.05328055679997454,,0.18434055679997455,0.0,0.01,12,True,-0.13106,23,100000,data/raw/perlmutter/practical_suite_sweep/practical_strongnative_32node_large128c0c127_20260704060230_c16_sim_heisenberg_4q_4steps_r0_seed23.json,practical_strongnative_32node_large128c0c127_20260704060230_c16_sim_heisenberg_4q_4steps_r0_seed23,simulation
23,same_record_full_application_output,-0.07653059994319217,,True,terminal Z0 Bernoulli sampling,,0.05328055679997454,,0.1412805567999745,0.0,0.01,12,True,-0.08799999999999997,23,1000,data/raw/perlmutter/practical_suite_sweep/practical_strongnative_32node_large128c0c127_20260704060230_c19_sim_heisenberg_4q_10steps_r0_seed23.json,practical_strongnative_32node_large128c0c127_20260704060230_c19_sim_heisenberg_4q_10steps_r0_seed23,simulation
23,same_record_full_application_output,-0.07653059994319217,,True,terminal Z0 Bernoulli sampling,,0.05328055679997454,,0.12858055679997457,0.0,0.01,12,True,-0.07530000000000003,23,10000,data/raw/perlmutter/practical_suite_sweep/practical_strongnative_32node_large128c0c127_20260704060230_c19_sim_heisenberg_4q_10steps_r0_seed23.json,practical_strongnative_32node_large128c0c127_20260704060230_c19_sim_heisenberg_4q_10steps_r0_seed23,simulation
23,same_record_full_application_output,-0.07653059994319217,,True,terminal Z0 Bernoulli sampling,,0.05328055679997454,,0.12894055679997454,0.0,0.01,12,True,-0.07566,23,100000,data/raw/perlmutter/practical_suite_sweep/practical_strongnative_32node_large128c0c127_20260704060230_c19_sim_heisenberg_4q_10steps_r0_seed23.json,practical_strongnative_32node_large128c0c127_20260704060230_c19_sim_heisenberg_4q_10steps_r0_seed23,simulation
23,same_record_full_application_output,-0.13003518922488988,,True,terminal Z0 Bernoulli sampling,,-0.02818565466473985,,0.11181434533526016,0.0,0.01,12,True,-0.14,23,1000,data/raw/perlmutter/practical_suite_sweep/practical_strongnative_32node_large128c0c127_20260704060230_c28_sim_heisenberg_7q_4steps_r0_seed23.json,practical_strongnative_32node_large128c0c127_20260704060230_c28_sim_heisenberg_7q_4steps_r0_seed23,simulation
23,same_record_full_application_output,-0.13003518922488988,,True,terminal Z0 Bernoulli sampling,,-0.02818565466473985,,0.10051434533526019,0.0,0.01,12,True,-0.12870000000000004,23,10000,data/raw/perlmutter/practical_suite_sweep/practical_strongnative_32node_large128c0c127_20260704060230_c28_sim_heisenberg_7q_4steps_r0_seed23.json,practical_strongnative_32node_large128c0c127_20260704060230_c28_sim_heisenberg_7q_4steps_r0_seed23,simulation
23,same_record_full_application_output,-0.13003518922488988,,True,terminal Z0 Bernoulli sampling,,-0.02818565466473985,,0.10097434533526015,0.0,0.01,12,True,-0.12916,23,100000,data/raw/perlmutter/practical_suite_sweep/practical_strongnative_32node_large128c0c127_20260704060230_c28_sim_heisenberg_7q_4steps_r0_seed23.json,practical_strongnative_32node_large128c0c127_20260704060230_c28_sim_heisenberg_7q_4steps_r0_seed23,simulation
23,same_record_full_application_output,-0.06460185083992837,,True,terminal Z0 Bernoulli sampling,,-0.02818565466473985,,0.047814345335260106,0.16666666666666666,0.01,12,True,-0.07599999999999996,23,1000,data/raw/perlmutter/practical_suite_sweep/practical_strongnative_32node_large128c0c127_20260704060230_c31_sim_heisenberg_7q_10steps_r0_seed23.json,practical_strongnative_32node_large128c0c127_20260704060230_c31_sim_heisenberg_7q_10steps_r0_seed23,simulation
23,same_record_full_application_output,-0.06460185083992837,,True,terminal Z0 Bernoulli sampling,,-0.02818565466473985,,0.03511434533526017,0.0,0.01,12,True,-0.06330000000000002,23,10000,data/raw/perlmutter/practical_suite_sweep/practical_strongnative_32node_large128c0c127_20260704060230_c31_sim_heisenberg_7q_10steps_r0_seed23.json,practical_strongnative_32node_large128c0c127_20260704060230_c31_sim_heisenberg_7q_10steps_r0_seed23,simulation
23,same_record_full_application_output,-0.06460185083992837,,True,terminal Z0 Bernoulli sampling,,-0.02818565466473985,,0.03552434533526014,0.0,0.01,12,True,-0.06370999999999999,23,100000,data/raw/perlmutter/practical_suite_sweep/practical_strongnative_32node_large128c0c127_20260704060230_c31_sim_heisenberg_7q_10steps_r0_seed23.json,practical_strongnative_32node_large128c0c127_20260704060230_c31_sim_heisenberg_7q_10steps_r0_seed23,simulation
31,same_record_full_application_output,0.820673031863585,,True,terminal Z0 Bernoulli sampling,,0.8218024506329117,,0.01200000000000001,0.25,0.01,12,True,0.811,31,1000,data/raw/perlmutter/practical_suite_sweep/practical_strongnative_32node_large128c0c127_20260704060230_c32_sim_tfim_4q_4steps_r0_seed31.json,practical_strongnative_32node_large128c0c127_20260704060230_c32_sim_tfim_4q_4steps_r0_seed31,simulation
31,same_record_full_application_output,0.820673031863585,,True,terminal Z0 Bernoulli sampling,,0.8218024506329117,,0.0039000000000000146,1.0,0.01,12,True,0.8214,31,10000,data/raw/perlmutter/practical_suite_sweep/practical_strongnative_32node_large128c0c127_20260704060230_c32_sim_tfim_4q_4steps_r0_seed31.json,practical_strongnative_32node_large128c0c127_20260704060230_c32_sim_tfim_4q_4steps_r0_seed31,simulation
31,same_record_full_application_output,0.820673031863585,,True,terminal Z0 Bernoulli sampling,,0.8218024506329117,,0.001462450632911616,1.0,0.01,12,True,0.82059,31,100000,data/raw/perlmutter/practical_suite_sweep/practical_strongnative_32node_large128c0c127_20260704060230_c32_sim_tfim_4q_4steps_r0_seed31.json,practical_strongnative_32node_large128c0c127_20260704060230_c32_sim_tfim_4q_4steps_r0_seed31,simulation
31,same_record_full_application_output,0.8216225570780517,,True,terminal Z0 Bernoulli sampling,,0.8218024506329117,,0.01200000000000001,0.25,0.01,12,True,0.8130000000000001,31,1000,data/raw/perlmutter/practical_suite_sweep/practical_strongnative_32node_large128c0c127_20260704060230_c35_sim_tfim_4q_10steps_r0_seed31.json,practical_strongnative_32node_large128c0c127_20260704060230_c35_sim_tfim_4q_10steps_r0_seed31,simulation
31,same_record_full_application_output,0.8216225570780517,,True,terminal Z0 Bernoulli sampling,,0.8218024506329117,,0.003602450632911647,1.0,0.01,12,True,0.8223999999999999,31,10000,data/raw/perlmutter/practical_suite_sweep/practical_strongnative_32node_large128c0c127_20260704060230_c35_sim_tfim_4q_10steps_r0_seed31.json,practical_strongnative_32node_large128c0c127_20260704060230_c35_sim_tfim_4q_10steps_r0_seed31,simulation
31,same_record_full_application_output,0.8216225570780517,,True,terminal Z0 Bernoulli sampling,,0.8218024506329117,,0.0007800000000000029,1.0,0.01,12,True,0.82155,31,100000,data/raw/perlmutter/practical_suite_sweep/practical_strongnative_32node_large128c0c127_20260704060230_c35_sim_tfim_4q_10steps_r0_seed31.json,practical_strongnative_32node_large128c0c127_20260704060230_c35_sim_tfim_4q_10steps_r0_seed31,simulation
23,same_record_full_application_output,0.8216225570780517,,True,terminal Z0 Bernoulli sampling,,0.8218024506329117,,0.016197549367088393,0.3333333333333333,0.01,12,True,0.8250000000000001,23,1000,data/raw/perlmutter/practical_suite_sweep/practical_strongnative_32node_large128c0c127_20260704060230_c3_sim_tfim_4q_10steps_r0_seed23.json,practical_strongnative_32node_large128c0c127_20260704060230_c3_sim_tfim_4q_10steps_r0_seed23,simulation
23,same_record_full_application_output,0.8216225570780517,,True,terminal Z0 Bernoulli sampling,,0.8218024506329117,,0.0039000000000000146,1.0,0.01,12,True,0.8209000000000001,23,10000,data/raw/perlmutter/practical_suite_sweep/practical_strongnative_32node_large128c0c127_20260704060230_c3_sim_tfim_4q_10steps_r0_seed23.json,practical_strongnative_32node_large128c0c127_20260704060230_c3_sim_tfim_4q_10steps_r0_seed23,simulation
23,same_record_full_application_output,0.8216225570780517,,True,terminal Z0 Bernoulli sampling,,0.8218024506329117,,0.0013099999999999223,1.0,0.01,12,True,0.8211,23,100000,data/raw/perlmutter/practical_suite_sweep/practical_strongnative_32node_large128c0c127_20260704060230_c3_sim_tfim_4q_10steps_r0_seed23.json,practical_strongnative_32node_large128c0c127_20260704060230_c3_sim_tfim_4q_10steps_r0_seed23,simulation
31,same_record_full_application_output,0.8206730318635873,,True,terminal Z0 Bernoulli sampling,,0.8218024506329149,,0.01200000000000001,0.25,0.01,12,True,0.811,31,1000,data/raw/perlmutter/practical_suite_sweep/practical_strongnative_32node_large128c0c127_20260704060230_c44_sim_tfim_7q_4steps_r0_seed31.json,practical_strongnative_32node_large128c0c127_20260704060230_c44_sim_tfim_7q_4steps_r0_seed31,simulation
31,same_record_full_application_output,0.8206730318635873,,True,terminal Z0 Bernoulli sampling,,0.8218024506329149,,0.0039000000000000146,1.0,0.01,12,True,0.8214,31,10000,data/raw/perlmutter/practical_suite_sweep/practical_strongnative_32node_large128c0c127_20260704060230_c44_sim_tfim_7q_4steps_r0_seed31.json,practical_strongnative_32node_large128c0c127_20260704060230_c44_sim_tfim_7q_4steps_r0_seed31,simulation
31,same_record_full_application_output,0.8206730318635873,,True,terminal Z0 Bernoulli sampling,,0.8218024506329149,,0.0014624506329148357,1.0,0.01,12,True,0.82059,31,100000,data/raw/perlmutter/practical_suite_sweep/practical_strongnative_32node_large128c0c127_20260704060230_c44_sim_tfim_7q_4steps_r0_seed31.json,practical_strongnative_32node_large128c0c127_20260704060230_c44_sim_tfim_7q_4steps_r0_seed31,simulation
31,same_record_full_application_output,0.8216225570780562,,True,terminal Z0 Bernoulli sampling,,0.8218024506329149,,0.01200000000000001,0.25,0.01,12,True,0.8130000000000001,31,1000,data/raw/perlmutter/practical_suite_sweep/practical_strongnative_32node_large128c0c127_20260704060230_c47_sim_tfim_7q_10steps_r0_seed31.json,practical_strongnative_32node_large128c0c127_20260704060230_c47_sim_tfim_7q_10steps_r0_seed31,simulation
31,same_record_full_application_output,0.8216225570780562,,True,terminal Z0 Bernoulli sampling,,0.8218024506329149,,0.0036024506329148664,1.0,0.01,12,True,0.8223999999999999,31,10000,data/raw/perlmutter/practical_suite_sweep/practical_strongnative_32node_large128c0c127_20260704060230_c47_sim_tfim_7q_10steps_r0_seed31.json,practical_strongnative_32node_large128c0c127_20260704060230_c47_sim_tfim_7q_10steps_r0_seed31,simulation
31,same_record_full_application_output,0.8216225570780562,,True,terminal Z0 Bernoulli sampling,,0.8218024506329149,,0.0007800000000000029,1.0,0.01,12,True,0.82155,31,100000,data/raw/perlmutter/practical_suite_sweep/practical_strongnative_32node_large128c0c127_20260704060230_c47_sim_tfim_7q_10steps_r0_seed31.json,practical_strongnative_32node_large128c0c127_20260704060230_c47_sim_tfim_7q_10steps_r0_seed31,simulation
31,same_record_full_application_output,-0.13193164268309854,,True,terminal Z0 Bernoulli sampling,,0.05328055679997454,,0.17728055679997454,0.0,0.01,12,True,-0.124,31,1000,data/raw/perlmutter/practical_suite_sweep/practical_strongnative_32node_large128c0c127_20260704060230_c48_sim_heisenberg_4q_4steps_r0_seed31.json,practical_strongnative_32node_large128c0c127_20260704060230_c48_sim_heisenberg_4q_4steps_r0_seed31,simulation
31,same_record_full_application_output,-0.13193164268309854,,True,terminal Z0 Bernoulli sampling,,0.05328055679997454,,0.18518055679997455,0.0,0.01,12,True,-0.13190000000000002,31,10000,data/raw/perlmutter/practical_suite_sweep/practical_strongnative_32node_large128c0c127_20260704060230_c48_sim_heisenberg_4q_4steps_r0_seed31.json,practical_strongnative_32node_large128c0c127_20260704060230_c48_sim_heisenberg_4q_4steps_r0_seed31,simulation
31,same_record_full_application_output,-0.13193164268309854,,True,terminal Z0 Bernoulli sampling,,0.05328055679997454,,0.18510055679997459,0.0,0.01,12,True,-0.13182000000000005,31,100000,data/raw/perlmutter/practical_suite_sweep/practical_strongnative_32node_large128c0c127_20260704060230_c48_sim_heisenberg_4q_4steps_r0_seed31.json,practical_strongnative_32node_large128c0c127_20260704060230_c48_sim_heisenberg_4q_4steps_r0_seed31,simulation
31,same_record_full_application_output,-0.07653059994319217,,True,terminal Z0 Bernoulli sampling,,0.05328055679997454,,0.12128055679997449,0.0,0.01,12,True,-0.06799999999999995,31,1000,data/raw/perlmutter/practical_suite_sweep/practical_strongnative_32node_large128c0c127_20260704060230_c51_sim_heisenberg_4q_10steps_r0_seed31.json,practical_strongnative_32node_large128c0c127_20260704060230_c51_sim_heisenberg_4q_10steps_r0_seed31,simulation
31,same_record_full_application_output,-0.07653059994319217,,True,terminal Z0 Bernoulli sampling,,0.05328055679997454,,0.12978055679997455,0.0,0.01,12,True,-0.07650000000000001,31,10000,data/raw/perlmutter/practical_suite_sweep/practical_strongnative_32node_large128c0c127_20260704060230_c51_sim_heisenberg_4q_10steps_r0_seed31.json,practical_strongnative_32node_large128c0c127_20260704060230_c51_sim_heisenberg_4q_10steps_r0_seed31,simulation
31,same_record_full_application_output,-0.07653059994319217,,True,terminal Z0 Bernoulli sampling,,0.05328055679997454,,0.12971055679997454,0.0,0.01,12,True,-0.07643,31,100000,data/raw/perlmutter/practical_suite_sweep/practical_strongnative_32node_large128c0c127_20260704060230_c51_sim_heisenberg_4q_10steps_r0_seed31.json,practical_strongnative_32node_large128c0c127_20260704060230_c51_sim_heisenberg_4q_10steps_r0_seed31,simulation
31,same_record_full_application_output,-0.13003518922488988,,True,terminal Z0 Bernoulli sampling,,-0.02818565466473985,,0.09381434533526015,0.0,0.01,12,True,-0.122,31,1000,data/raw/perlmutter/practical_suite_sweep/practical_strongnative_32node_large128c0c127_20260704060230_c60_sim_heisenberg_7q_4steps_r0_seed31.json,practical_strongnative_32node_large128c0c127_20260704060230_c60_sim_heisenberg_7q_4steps_r0_seed31,simulation
31,same_record_full_application_output,-0.13003518922488988,,True,terminal Z0 Bernoulli sampling,,-0.02818565466473985,,0.10171434533526016,0.0,0.01,12,True,-0.12990000000000002,31,10000,data/raw/perlmutter/practical_suite_sweep/practical_strongnative_32node_large128c0c127_20260704060230_c60_sim_heisenberg_7q_4steps_r0_seed31.json,practical_strongnative_32node_large128c0c127_20260704060230_c60_sim_heisenberg_7q_4steps_r0_seed31,simulation
31,same_record_full_application_output,-0.13003518922488988,,True,terminal Z0 Bernoulli sampling,,-0.02818565466473985,,0.10173434533526018,0.0,0.01,12,True,-0.12992000000000004,31,100000,data/raw/perlmutter/practical_suite_sweep/practical_strongnative_32node_large128c0c127_20260704060230_c60_sim_heisenberg_7q_4steps_r0_seed31.json,practical_strongnative_32node_large128c0c127_20260704060230_c60_sim_heisenberg_7q_4steps_r0_seed31,simulation
31,same_record_full_application_output,-0.06460185083992837,,True,terminal Z0 Bernoulli sampling,,-0.02818565466473985,,0.0278143453352602,0.16666666666666666,0.01,12,True,-0.05600000000000005,31,1000,data/raw/perlmutter/practical_suite_sweep/practical_strongnative_32node_large128c0c127_20260704060230_c63_sim_heisenberg_7q_10steps_r0_seed31.json,practical_strongnative_32node_large128c0c127_20260704060230_c63_sim_heisenberg_7q_10steps_r0_seed31,simulation
31,same_record_full_application_output,-0.06460185083992837,,True,terminal Z0 Bernoulli sampling,,-0.02818565466473985,,0.03631434533526015,0.0,0.01,12,True,-0.0645,31,10000,data/raw/perlmutter/practical_suite_sweep/practical_strongnative_32node_large128c0c127_20260704060230_c63_sim_heisenberg_7q_10steps_r0_seed31.json,practical_strongnative_32node_large128c0c127_20260704060230_c63_sim_heisenberg_7q_10steps_r0_seed31,simulation
31,same_record_full_application_output,-0.06460185083992837,,True,terminal Z0 Bernoulli sampling,,-0.02818565466473985,,0.03630434533526014,0.0,0.01,12,True,-0.06448999999999999,31,100000,data/raw/perlmutter/practical_suite_sweep/practical_strongnative_32node_large128c0c127_20260704060230_c63_sim_heisenberg_7q_10steps_r0_seed31.json,practical_strongnative_32node_large128c0c127_20260704060230_c63_sim_heisenberg_7q_10steps_r0_seed31,simulation
43,same_record_full_application_output,0.820673031863585,,True,terminal Z0 Bernoulli sampling,,0.8218024506329117,,0.010000000000000009,0.5,0.01,12,True,0.8150000000000001,43,1000,data/raw/perlmutter/practical_suite_sweep/practical_strongnative_32node_large128c0c127_20260704060230_c64_sim_tfim_4q_4steps_r0_seed43.json,practical_strongnative_32node_large128c0c127_20260704060230_c64_sim_tfim_4q_4steps_r0_seed43,simulation
43,same_record_full_application_output,0.820673031863585,,True,terminal Z0 Bernoulli sampling,,0.8218024506329117,,0.0049000000000000155,0.75,0.01,12,True,0.8193999999999999,43,10000,data/raw/perlmutter/practical_suite_sweep/practical_strongnative_32node_large128c0c127_20260704060230_c64_sim_tfim_4q_4steps_r0_seed43.json,practical_strongnative_32node_large128c0c127_20260704060230_c64_sim_tfim_4q_4steps_r0_seed43,simulation
43,same_record_full_application_output,0.820673031863585,,True,terminal Z0 Bernoulli sampling,,0.8218024506329117,,0.0006800000000000139,1.0,0.01,12,True,0.82121,43,100000,data/raw/perlmutter/practical_suite_sweep/practical_strongnative_32node_large128c0c127_20260704060230_c64_sim_tfim_4q_4steps_r0_seed43.json,practical_strongnative_32node_large128c0c127_20260704060230_c64_sim_tfim_4q_4steps_r0_seed43,simulation
43,same_record_full_application_output,0.8216225570780517,,True,terminal Z0 Bernoulli sampling,,0.8218024506329117,,0.010000000000000009,0.5,0.01,12,True,0.8150000000000001,43,1000,data/raw/perlmutter/practical_suite_sweep/practical_strongnative_32node_large128c0c127_20260704060230_c67_sim_tfim_4q_10steps_r0_seed43.json,practical_strongnative_32node_large128c0c127_20260704060230_c67_sim_tfim_4q_10steps_r0_seed43,simulation
43,same_record_full_application_output,0.8216225570780517,,True,terminal Z0 Bernoulli sampling,,0.8218024506329117,,0.005897549367088306,0.8333333333333334,0.01,12,True,0.8204,43,10000,data/raw/perlmutter/practical_suite_sweep/practical_strongnative_32node_large128c0c127_20260704060230_c67_sim_tfim_4q_10steps_r0_seed43.json,practical_strongnative_32node_large128c0c127_20260704060230_c67_sim_tfim_4q_10steps_r0_seed43,simulation
43,same_record_full_application_output,0.8216225570780517,,True,terminal Z0 Bernoulli sampling,,0.8218024506329117,,0.0009975493670882907,1.0,0.01,12,True,0.8221700000000001,43,100000,data/raw/perlmutter/practical_suite_sweep/practical_strongnative_32node_large128c0c127_20260704060230_c67_sim_tfim_4q_10steps_r0_seed43.json,practical_strongnative_32node_large128c0c127_20260704060230_c67_sim_tfim_4q_10steps_r0_seed43,simulation
43,same_record_full_application_output,0.8206730318635873,,True,terminal Z0 Bernoulli sampling,,0.8218024506329149,,0.010000000000000009,0.5,0.01,12,True,0.8150000000000001,43,1000,data/raw/perlmutter/practical_suite_sweep/practical_strongnative_32node_large128c0c127_20260704060230_c76_sim_tfim_7q_4steps_r0_seed43.json,practical_strongnative_32node_large128c0c127_20260704060230_c76_sim_tfim_7q_4steps_r0_seed43,simulation
43,same_record_full_application_output,0.8206730318635873,,True,terminal Z0 Bernoulli sampling,,0.8218024506329149,,0.0049000000000000155,0.75,0.01,12,True,0.8193999999999999,43,10000,data/raw/perlmutter/practical_suite_sweep/practical_strongnative_32node_large128c0c127_20260704060230_c76_sim_tfim_7q_4steps_r0_seed43.json,practical_strongnative_32node_large128c0c127_20260704060230_c76_sim_tfim_7q_4steps_r0_seed43,simulation
43,same_record_full_application_output,0.8206730318635873,,True,terminal Z0 Bernoulli sampling,,0.8218024506329149,,0.0006800000000000139,1.0,0.01,12,True,0.82121,43,100000,data/raw/perlmutter/practical_suite_sweep/practical_strongnative_32node_large128c0c127_20260704060230_c76_sim_tfim_7q_4steps_r0_seed43.json,practical_strongnative_32node_large128c0c127_20260704060230_c76_sim_tfim_7q_4steps_r0_seed43,simulation
43,same_record_full_application_output,0.8216225570780562,,True,terminal Z0 Bernoulli sampling,,0.8218024506329149,,0.010000000000000009,0.5,0.01,12,True,0.8150000000000001,43,1000,data/raw/perlmutter/practical_suite_sweep/practical_strongnative_32node_large128c0c127_20260704060230_c79_sim_tfim_7q_10steps_r0_seed43.json,practical_strongnative_32node_large128c0c127_20260704060230_c79_sim_tfim_7q_10steps_r0_seed43,simulation
43,same_record_full_application_output,0.8216225570780562,,True,terminal Z0 Bernoulli sampling,,0.8218024506329149,,0.0058975493670850865,0.8333333333333334,0.01,12,True,0.8204,43,10000,data/raw/perlmutter/practical_suite_sweep/practical_strongnative_32node_large128c0c127_20260704060230_c79_sim_tfim_7q_10steps_r0_seed43.json,practical_strongnative_32node_large128c0c127_20260704060230_c79_sim_tfim_7q_10steps_r0_seed43,simulation
43,same_record_full_application_output,0.8216225570780562,,True,terminal Z0 Bernoulli sampling,,0.8218024506329149,,0.000997549367085071,1.0,0.01,12,True,0.8221700000000001,43,100000,data/raw/perlmutter/practical_suite_sweep/practical_strongnative_32node_large128c0c127_20260704060230_c79_sim_tfim_7q_10steps_r0_seed43.json,practical_strongnative_32node_large128c0c127_20260704060230_c79_sim_tfim_7q_10steps_r0_seed43,simulation
43,same_record_full_application_output,-0.13193164268309854,,True,terminal Z0 Bernoulli sampling,,0.05328055679997454,,0.17828055679997454,0.0,0.01,12,True,-0.125,43,1000,data/raw/perlmutter/practical_suite_sweep/practical_strongnative_32node_large128c0c127_20260704060230_c80_sim_heisenberg_4q_4steps_r0_seed43.json,practical_strongnative_32node_large128c0c127_20260704060230_c80_sim_heisenberg_4q_4steps_r0_seed43,simulation
43,same_record_full_application_output,-0.13193164268309854,,True,terminal Z0 Bernoulli sampling,,0.05328055679997454,,0.18518055679997455,0.0,0.01,12,True,-0.13190000000000002,43,10000,data/raw/perlmutter/practical_suite_sweep/practical_strongnative_32node_large128c0c127_20260704060230_c80_sim_heisenberg_4q_4steps_r0_seed43.json,practical_strongnative_32node_large128c0c127_20260704060230_c80_sim_heisenberg_4q_4steps_r0_seed43,simulation
43,same_record_full_application_output,-0.13193164268309854,,True,terminal Z0 Bernoulli sampling,,0.05328055679997454,,0.18615055679997453,0.0,0.01,12,True,-0.13287,43,100000,data/raw/perlmutter/practical_suite_sweep/practical_strongnative_32node_large128c0c127_20260704060230_c80_sim_heisenberg_4q_4steps_r0_seed43.json,practical_strongnative_32node_large128c0c127_20260704060230_c80_sim_heisenberg_4q_4steps_r0_seed43,simulation
43,same_record_full_application_output,-0.07653059994319217,,True,terminal Z0 Bernoulli sampling,,0.05328055679997454,,0.11828055679997454,0.0,0.01,12,True,-0.065,43,1000,data/raw/perlmutter/practical_suite_sweep/practical_strongnative_32node_large128c0c127_20260704060230_c83_sim_heisenberg_4q_10steps_r0_seed43.json,practical_strongnative_32node_large128c0c127_20260704060230_c83_sim_heisenberg_4q_10steps_r0_seed43,simulation
43,same_record_full_application_output,-0.07653059994319217,,True,terminal Z0 Bernoulli sampling,,0.05328055679997454,,0.12978055679997455,0.0,0.01,12,True,-0.07650000000000001,43,10000,data/raw/perlmutter/practical_suite_sweep/practical_strongnative_32node_large128c0c127_20260704060230_c83_sim_heisenberg_4q_10steps_r0_seed43.json,practical_strongnative_32node_large128c0c127_20260704060230_c83_sim_heisenberg_4q_10steps_r0_seed43,simulation
43,same_record_full_application_output,-0.07653059994319217,,True,terminal Z0 Bernoulli sampling,,0.05328055679997454,,0.13077055679997454,0.0,0.01,12,True,-0.07749,43,100000,data/raw/perlmutter/practical_suite_sweep/practical_strongnative_32node_large128c0c127_20260704060230_c83_sim_heisenberg_4q_10steps_r0_seed43.json,practical_strongnative_32node_large128c0c127_20260704060230_c83_sim_heisenberg_4q_10steps_r0_seed43,simulation
43,same_record_full_application_output,-0.13003518922488988,,True,terminal Z0 Bernoulli sampling,,-0.02818565466473985,,0.09481434533526015,0.0,0.01,12,True,-0.123,43,1000,data/raw/perlmutter/practical_suite_sweep/practical_strongnative_32node_large128c0c127_20260704060230_c92_sim_heisenberg_7q_4steps_r0_seed43.json,practical_strongnative_32node_large128c0c127_20260704060230_c92_sim_heisenberg_7q_4steps_r0_seed43,simulation
43,same_record_full_application_output,-0.13003518922488988,,True,terminal Z0 Bernoulli sampling,,-0.02818565466473985,,0.10171434533526016,0.0,0.01,12,True,-0.12990000000000002,43,10000,data/raw/perlmutter/practical_suite_sweep/practical_strongnative_32node_large128c0c127_20260704060230_c92_sim_heisenberg_7q_4steps_r0_seed43.json,practical_strongnative_32node_large128c0c127_20260704060230_c92_sim_heisenberg_7q_4steps_r0_seed43,simulation
43,same_record_full_application_output,-0.13003518922488988,,True,terminal Z0 Bernoulli sampling,,-0.02818565466473985,,0.10278434533526012,0.0,0.01,12,True,-0.13096999999999998,43,100000,data/raw/perlmutter/practical_suite_sweep/practical_strongnative_32node_large128c0c127_20260704060230_c92_sim_heisenberg_7q_4steps_r0_seed43.json,practical_strongnative_32node_large128c0c127_20260704060230_c92_sim_heisenberg_7q_4steps_r0_seed43,simulation
43,same_record_full_application_output,-0.06460185083992837,,True,terminal Z0 Bernoulli sampling,,-0.02818565466473985,,0.024814345335260196,0.25,0.01,12,True,-0.05300000000000005,43,1000,data/raw/perlmutter/practical_suite_sweep/practical_strongnative_32node_large128c0c127_20260704060230_c95_sim_heisenberg_7q_10steps_r0_seed43.json,practical_strongnative_32node_large128c0c127_20260704060230_c95_sim_heisenberg_7q_10steps_r0_seed43,simulation
43,same_record_full_application_output,-0.06460185083992837,,True,terminal Z0 Bernoulli sampling,,-0.02818565466473985,,0.03631434533526015,0.0,0.01,12,True,-0.0645,43,10000,data/raw/perlmutter/practical_suite_sweep/practical_strongnative_32node_large128c0c127_20260704060230_c95_sim_heisenberg_7q_10steps_r0_seed43.json,practical_strongnative_32node_large128c0c127_20260704060230_c95_sim_heisenberg_7q_10steps_r0_seed43,simulation
43,same_record_full_application_output,-0.06460185083992837,,True,terminal Z0 Bernoulli sampling,,-0.02818565466473985,,0.037364345335260146,0.0,0.01,12,True,-0.06555,43,100000,data/raw/perlmutter/practical_suite_sweep/practical_strongnative_32node_large128c0c127_20260704060230_c95_sim_heisenberg_7q_10steps_r0_seed43.json,practical_strongnative_32node_large128c0c127_20260704060230_c95_sim_heisenberg_7q_10steps_r0_seed43,simulation
17,same_record_full_application_output,0.820673031863585,,True,terminal Z0 Bernoulli sampling,,0.8218024506329117,,0.008000000000000007,0.6666666666666666,0.01,12,True,0.8200000000000001,17,1000,data/raw/perlmutter/practical_suite_sweep/practical_strongnative_32node_large128c0c127_20260704060230_c96_sim_tfim_4q_4steps_r0_seed17.json,practical_strongnative_32node_large128c0c127_20260704060230_c96_sim_tfim_4q_4steps_r0_seed17,simulation
17,same_record_full_application_output,0.820673031863585,,True,terminal Z0 Bernoulli sampling,,0.8218024506329117,,0.0049000000000000155,1.0,0.01,12,True,0.82,17,10000,data/raw/perlmutter/practical_suite_sweep/practical_strongnative_32node_large128c0c127_20260704060230_c96_sim_tfim_4q_4steps_r0_seed17.json,practical_strongnative_32node_large128c0c127_20260704060230_c96_sim_tfim_4q_4steps_r0_seed17,simulation
17,same_record_full_application_output,0.820673031863585,,True,terminal Z0 Bernoulli sampling,,0.8218024506329117,,0.001662450632911705,1.0,0.01,12,True,0.82014,17,100000,data/raw/perlmutter/practical_suite_sweep/practical_strongnative_32node_large128c0c127_20260704060230_c96_sim_tfim_4q_4steps_r0_seed17.json,practical_strongnative_32node_large128c0c127_20260704060230_c96_sim_tfim_4q_4steps_r0_seed17,simulation
17,same_record_full_application_output,0.8216225570780517,,True,terminal Z0 Bernoulli sampling,,0.8218024506329117,,0.008000000000000007,0.6666666666666666,0.01,12,True,0.8200000000000001,17,1000,data/raw/perlmutter/practical_suite_sweep/practical_strongnative_32node_large128c0c127_20260704060230_c99_sim_tfim_4q_10steps_r0_seed17.json,practical_strongnative_32node_large128c0c127_20260704060230_c99_sim_tfim_4q_10steps_r0_seed17,simulation
17,same_record_full_application_output,0.8216225570780517,,True,terminal Z0 Bernoulli sampling,,0.8218024506329117,,0.0042000000000000925,1.0,0.01,12,True,0.8210000000000001,17,10000,data/raw/perlmutter/practical_suite_sweep/practical_strongnative_32node_large128c0c127_20260704060230_c99_sim_tfim_4q_10steps_r0_seed17.json,practical_strongnative_32node_large128c0c127_20260704060230_c99_sim_tfim_4q_10steps_r0_seed17,simulation
17,same_record_full_application_output,0.8216225570780517,,True,terminal Z0 Bernoulli sampling,,0.8218024506329117,,0.001222450632911598,1.0,0.01,12,True,0.8211,17,100000,data/raw/perlmutter/practical_suite_sweep/practical_strongnative_32node_large128c0c127_20260704060230_c99_sim_tfim_4q_10steps_r0_seed17.json,practical_strongnative_32node_large128c0c127_20260704060230_c99_sim_tfim_4q_10steps_r0_seed17,simulation
