case_id,digits_classes,ml_samples,ml_features,ml_depth,seed,quantum_runtime_sec,previous_native_runtime_sec,previous_required_speedup,combined_model,combined_runtime_sec,combined_quality,combined_required_speedup,production_model,production_runtime_sec,production_quality,production_required_speedup
practical_strongnative_32node_large128c0c127_20260704060230_c0_ml_digits_c0v1v2_128s_4q_d1_r0_seed17.json,"0,1,2",128,4,1,17,13.845152707013767,0.0001646980526857078,84063.85188678812,suite_previous_selected,0.0001646980526857078,1.0,84063.85188678812,xgboost_gpu_hist_pca,0.23218878399347886,1.0,59.628860916049305
practical_strongnative_32node_large128c0c127_20260704060230_c0_ml_digits_c0v1v2_128s_4q_d1_r0_seed23.json,"0,1,2",128,4,1,23,7.63214188197162,0.00013516104081645608,56467.0250825887,suite_previous_selected,0.00013516104081645608,1.0,56467.0250825887,xgboost_gpu_hist_pca,0.10716178303118795,1.0,71.22074368387834
practical_strongnative_32node_large128c0c127_20260704060230_c0_ml_digits_c0v1v2_128s_4q_d1_r0_seed31.json,"0,1,2",128,4,1,31,7.073584166006185,0.00014229502994567156,49710.690308065496,suite_previous_selected,0.00014229502994567156,1.0,49710.690308065496,torch_cnn_amp_raw,0.14349918899824843,1.0,49.293548035958075
practical_strongnative_32node_large128c0c127_20260704060230_c0_ml_digits_c0v1v2_128s_4q_d1_r0_seed43.json,"0,1,2",128,4,1,43,6.868367528019007,0.0001565529964864254,43872.47566107468,suite_previous_selected,0.0001565529964864254,1.0,43872.47566107468,xgboost_gpu_hist_pca,0.09723796701291576,1.0,70.63462697761572
practical_strongnative_32node_large128c0c127_20260704060230_c0_ml_digits_c0v1v2_128s_4q_d1_r1_seed1017.json,"0,1,2",128,4,1,1017,6.952055283007212,0.00016970804426819086,40964.79523398919,suite_previous_selected,0.00016970804426819086,1.0,40964.79523398919,torch_mlp_amp_pca,0.2348991929902695,1.0,29.59590960917092
practical_strongnative_32node_large128c0c127_20260704060230_c0_ml_digits_c0v1v2_128s_4q_d1_r1_seed1023.json,"0,1,2",128,4,1,1023,6.885811642976478,0.012008518970105797,573.4105646265064,suite_previous_selected,0.012008518970105797,1.0,573.4105646265064,torch_cnn_amp_raw,0.15108441899064928,0.9375,45.57592165346081
practical_strongnative_32node_large128c0c127_20260704060230_c0_ml_digits_c0v1v2_128s_4q_d1_r1_seed1031.json,"0,1,2",128,4,1,1031,6.810392318002414,0.0008293830323964357,8211.395762853179,suite_previous_selected,0.0008293830323964357,1.0,8211.395762853179,torch_cnn_amp_raw,0.1534364889957942,1.0,44.38574137465496
practical_strongnative_32node_large128c0c127_20260704060230_c0_ml_digits_c0v1v2_128s_4q_d1_r1_seed1043.json,"0,1,2",128,4,1,1043,7.170795698999427,0.011945697013288736,600.2827370409972,suite_previous_selected,0.011945697013288736,1.0,600.2827370409972,torch_cnn_amp_raw,0.14244919398333877,1.0,50.33932097810355
practical_strongnative_32node_large128c0c127_20260704060230_c0_ml_digits_c0v1v2_128s_4q_d1_r2_seed2017.json,"0,1,2",128,4,1,2017,7.199767502956092,0.00014180404832586646,50772.6513308773,suite_previous_selected,0.00014180404832586646,1.0,50772.6513308773,torch_cnn_amp_raw,0.14266242098528892,1.0,50.46716194237668
practical_strongnative_32node_large128c0c127_20260704060230_c0_ml_digits_c0v1v2_128s_4q_d1_r2_seed2023.json,"0,1,2",128,4,1,2023,7.09521975502139,0.0008219089941121638,8632.609943252577,suite_previous_selected,0.0008219089941121638,1.0,8632.609943252577,torch_cnn_amp_raw,0.14568704494740814,1.0,48.70178921936887
practical_strongnative_32node_large128c0c127_20260704060230_c0_ml_digits_c0v1v2_128s_4q_d1_r2_seed2031.json,"0,1,2",128,4,1,2031,7.246110346983187,0.0008063670247793198,8986.119377793562,suite_previous_selected,0.0008063670247793198,1.0,8986.119377793562,torch_cnn_amp_raw,0.15115105296717957,1.0,47.93952939617684
practical_strongnative_32node_large128c0c127_20260704060230_c0_ml_digits_c0v1v2_128s_4q_d1_r2_seed2043.json,"0,1,2",128,4,1,2043,7.511797826969996,0.0001759199658408761,42700.08688931079,suite_previous_selected,0.0001759199658408761,1.0,42700.08688931079,torch_mlp_amp_pca,0.24238414503633976,1.0,30.99129204941924
practical_strongnative_32node_large128c0c127_20260704060230_c0_ml_digits_c0v1v2_128s_4q_d1_r3_seed3017.json,"0,1,2",128,4,1,3017,8.699613425007556,0.0008397719939239323,10359.494586569386,suite_previous_selected,0.0008397719939239323,1.0,10359.494586569386,torch_cnn_amp_raw,0.1476051580393687,1.0,58.93841069352893
practical_strongnative_32node_large128c0c127_20260704060230_c0_ml_digits_c0v1v2_128s_4q_d1_r3_seed3023.json,"0,1,2",128,4,1,3023,7.267278979998082,0.00014025100972503424,51816.2328688098,suite_previous_selected,0.00014025100972503424,1.0,51816.2328688098,torch_cnn_amp_raw,0.15193613502196968,1.0,47.83114286109257
practical_strongnative_32node_large128c0c127_20260704060230_c0_ml_digits_c0v1v2_128s_4q_d1_r3_seed3031.json,"0,1,2",128,4,1,3031,7.098062235978432,0.0008095850353129208,8767.531422112921,suite_previous_selected,0.0008095850353129208,1.0,8767.531422112921,torch_cnn_amp_raw,0.14415095403091982,1.0,49.24048046505419
practical_strongnative_32node_large128c0c127_20260704060230_c0_ml_digits_c0v1v2_128s_4q_d1_r3_seed3043.json,"0,1,2",128,4,1,3043,7.298656365950592,0.00013530097203329206,53943.857581116936,suite_previous_selected,0.00013530097203329206,1.0,53943.857581116936,torch_cnn_amp_raw,0.16696105303708464,1.0,43.71472408196567
practical_strongnative_32node_large128c0c127_20260704060230_c64_ml_digits_c0v1v2v3_128s_4q_d1_r0_seed17.json,"0,1,2,3",128,4,1,17,13.526082328986377,0.024075958994217217,561.8086628339579,torch_cnn_amp_raw,0.1421180170145817,1.0,95.17500041953556,torch_cnn_amp_raw,0.1421180170145817,1.0,95.17500041953556
practical_strongnative_32node_large128c0c127_20260704060230_c64_ml_digits_c0v1v2v3_128s_4q_d1_r0_seed23.json,"0,1,2,3",128,4,1,23,7.746427391946781,0.009756045998074114,794.013004190013,torch_cnn_amp_raw,0.14875396800925955,0.96875,52.07543365474853,torch_cnn_amp_raw,0.14875396800925955,0.96875,52.07543365474853
practical_strongnative_32node_large128c0c127_20260704060230_c64_ml_digits_c0v1v2v3_128s_4q_d1_r0_seed31.json,"0,1,2,3",128,4,1,31,7.335336064978037,0.011407509970013052,643.0269256183384,torch_cnn_amp_raw,0.14051307697081938,1.0,52.203938758677815,torch_cnn_amp_raw,0.14051307697081938,1.0,52.203938758677815
practical_strongnative_32node_large128c0c127_20260704060230_c64_ml_digits_c0v1v2v3_128s_4q_d1_r0_seed43.json,"0,1,2,3",128,4,1,43,7.0068054869771,0.011602507962379605,603.9043894385785,suite_previous_selected,0.011602507962379605,1.0,603.9043894385785,torch_cnn_amp_raw,0.14884906401857734,1.0,47.07322503621928
practical_strongnative_32node_large128c0c127_20260704060230_c64_ml_digits_c0v1v2v3_128s_4q_d1_r1_seed1017.json,"0,1,2,3",128,4,1,1017,6.753383941017091,0.0008130010101012886,8306.734994309189,suite_previous_selected,0.0008130010101012886,0.96875,8306.734994309189,torch_cnn_amp_raw,0.14171735005220398,0.9375,47.65389656615346
practical_strongnative_32node_large128c0c127_20260704060230_c64_ml_digits_c0v1v2v3_128s_4q_d1_r1_seed1023.json,"0,1,2,3",128,4,1,1023,7.632749103009701,0.0008160879951901734,9352.850609242252,suite_previous_selected,0.0008160879951901734,1.0,9352.850609242252,torch_cnn_amp_raw,0.1568043630104512,1.0,48.67689238022649
practical_strongnative_32node_large128c0c127_20260704060230_c64_ml_digits_c0v1v2v3_128s_4q_d1_r1_seed1031.json,"0,1,2,3",128,4,1,1031,6.985503191011958,0.0008150549838319421,8570.591346083118,suite_previous_selected,0.0008150549838319421,0.96875,8570.591346083118,torch_cnn_amp_raw,0.15099355002166703,0.96875,46.263586689693454
practical_strongnative_32node_large128c0c127_20260704060230_c64_ml_digits_c0v1v2v3_128s_4q_d1_r1_seed1043.json,"0,1,2,3",128,4,1,1043,7.81349530199077,0.011582304956391454,674.6062490505445,torch_cnn_amp_raw,0.15271585702430457,1.0,51.16361492668872,torch_cnn_amp_raw,0.15271585702430457,1.0,51.16361492668872
practical_strongnative_32node_large128c0c127_20260704060230_c64_ml_digits_c0v1v2v3_128s_4q_d1_r2_seed2017.json,"0,1,2,3",128,4,1,2017,7.299164580996148,0.0008692209958098829,8397.363404913232,suite_previous_selected,0.0008692209958098829,1.0,8397.363404913232,torch_cnn_amp_raw,0.15368273801868781,1.0,47.49501912250268
practical_strongnative_32node_large128c0c127_20260704060230_c64_ml_digits_c0v1v2v3_128s_4q_d1_r2_seed2023.json,"0,1,2,3",128,4,1,2023,7.269633202988189,0.00018006796017289162,40371.608563834874,suite_previous_selected,0.00018006796017289162,1.0,40371.608563834874,torch_cnn_amp_raw,0.14272693096427247,0.96875,50.93385777914562
practical_strongnative_32node_large128c0c127_20260704060230_c64_ml_digits_c0v1v2v3_128s_4q_d1_r2_seed2031.json,"0,1,2,3",128,4,1,2031,7.890850390016567,0.011345856997650117,695.4829760018015,torch_cnn_amp_raw,0.14927582099335268,1.0,52.860874169085626,torch_cnn_amp_raw,0.14927582099335268,1.0,52.860874169085626
practical_strongnative_32node_large128c0c127_20260704060230_c64_ml_digits_c0v1v2v3_128s_4q_d1_r2_seed2043.json,"0,1,2,3",128,4,1,2043,9.340031012019608,0.011376756010577083,820.9748897960094,torch_cnn_amp_raw,0.14972117898287252,1.0,62.382831042815056,torch_cnn_amp_raw,0.14972117898287252,1.0,62.382831042815056
practical_strongnative_32node_large128c0c127_20260704060230_c64_ml_digits_c0v1v2v3_128s_4q_d1_r3_seed3017.json,"0,1,2,3",128,4,1,3017,7.731049187015742,0.00013776600826531649,56117.24752978914,torch_cnn_amp_raw,0.14832774398382753,0.96875,52.121396708215784,torch_cnn_amp_raw,0.14832774398382753,0.96875,52.121396708215784
practical_strongnative_32node_large128c0c127_20260704060230_c64_ml_digits_c0v1v2v3_128s_4q_d1_r3_seed3023.json,"0,1,2,3",128,4,1,3023,6.876343333977275,0.0008144750026986003,8442.669586167634,suite_previous_selected,0.0008144750026986003,1.0,8442.669586167634,xgboost_gpu_hist_pca,0.14117425895528868,1.0,48.70819499860157
practical_strongnative_32node_large128c0c127_20260704060230_c64_ml_digits_c0v1v2v3_128s_4q_d1_r3_seed3031.json,"0,1,2,3",128,4,1,3031,6.696224721963517,0.00018548802472651005,36100.57701480547,suite_previous_selected,0.00018548802472651005,0.90625,36100.57701480547,xgboost_gpu_hist_pca,0.14428977196803316,0.875,46.408173154830685
practical_strongnative_32node_large128c0c127_20260704060230_c64_ml_digits_c0v1v2v3_128s_4q_d1_r3_seed3043.json,"0,1,2,3",128,4,1,3043,7.1676565110101365,0.0001408620155416429,50884.239327749565,torch_cnn_amp_raw,0.14368399296654388,1.0,49.884864437746316,torch_cnn_amp_raw,0.14368399296654388,1.0,49.884864437746316
