file,workload,family,quality_metric,native_runtime_sec,native_selected_model,native_best_quality_model,native_model_count,quantum_runtime_sec,speedup_required,native_quality,quantum_quality,quality_gap,one_qubit_gates,two_qubit_gates,measurement_ops,circuit_evaluations,slurm_job_id,total_runtime_sec,seed,ml_samples,ml_features,ml_classes,ml_dataset,digits_classes,dataset_name,problem_name,problem_qubits,ml_depth,chem_grid,chem_layers,chem_hamiltonian_json,chem_native_baselines,opt_nodes,opt_graph,opt_grid,sim_model,sim_initial_state,sim_qubits,sim_steps,sim_native_baselines,path,status
practical_accept_baselines_1node_20260704150409_c0_chem_h2_l1_grid17_r0_seed17.json,chemistry,chemistry_vqe,absolute_energy_error,0.00018608995014801621,exact_dense_diagonalization_numpy,exact_dense_diagonalization_numpy,2,25.120572988002095,134991.5617045475,-1.85727503020238,-1.8456249981377126,0.011650032064667304,1304,326,652,326,accept_baselines_1node_20260704150409_c0,25.1447467940161,17,72,4,3,synthetic,"0,1,2",,H2_minimal_2qubit,2,1,17,1,,"dense_exact,sparse_lanczos",4,chordal,7,tfim,auto,4,4,"dense_exact,sparse_krylov",data/raw/perlmutter/practical_suite_sweep/practical_accept_baselines_1node_20260704150409_c0_chem_h2_l1_grid17_r0_seed17.json,ok
practical_accept_baselines_1node_20260704150409_c0_chem_h2_l1_grid17_r0_seed23.json,chemistry,chemistry_vqe,absolute_energy_error,0.00014334695879369974,exact_dense_diagonalization_numpy,exact_dense_diagonalization_numpy,2,9.306070051970892,64919.89875672133,-1.85727503020238,-1.8456249981377126,0.011650032064667304,1304,326,652,326,accept_baselines_1node_20260704150409_c0,9.313678832026199,23,72,4,3,synthetic,"0,1,2",,H2_minimal_2qubit,2,1,17,1,,"dense_exact,sparse_lanczos",4,chordal,7,tfim,auto,4,4,"dense_exact,sparse_krylov",data/raw/perlmutter/practical_suite_sweep/practical_accept_baselines_1node_20260704150409_c0_chem_h2_l1_grid17_r0_seed23.json,ok
practical_accept_baselines_1node_20260704150409_c0_chem_h2_sto3g_4q_l1_grid17_r0_seed17.json,chemistry,chemistry_vqe,absolute_energy_error,0.0001487869885750115,exact_dense_diagonalization_numpy,exact_dense_diagonalization_numpy,2,9.871470684011001,66346.33027090447,-1.1372701746609029,-0.6316547102283506,0.5056154644325522,296,111,148,37,accept_baselines_1node_20260704150409_c0,9.880710355006158,17,72,4,3,synthetic,"0,1,2",,h2_sto3g_4q,4,1,17,1,benchmarks/workloads/hamiltonians/h2_sto3g_4q.json,"dense_exact,sparse_lanczos",4,chordal,7,tfim,auto,4,4,"dense_exact,sparse_krylov",data/raw/perlmutter/practical_suite_sweep/practical_accept_baselines_1node_20260704150409_c0_chem_h2_sto3g_4q_l1_grid17_r0_seed17.json,ok
practical_accept_baselines_1node_20260704150409_c0_chem_h2_sto3g_4q_l1_grid17_r0_seed23.json,chemistry,chemistry_vqe,absolute_energy_error,0.00015093199908733368,exact_dense_diagonalization_numpy,exact_dense_diagonalization_numpy,2,9.684470120002516,64164.45934966247,-1.1372701746609029,-0.5324790068861727,0.6047911677747302,296,111,148,37,accept_baselines_1node_20260704150409_c0,9.696939677989576,23,72,4,3,synthetic,"0,1,2",,h2_sto3g_4q,4,1,17,1,benchmarks/workloads/hamiltonians/h2_sto3g_4q.json,"dense_exact,sparse_lanczos",4,chordal,7,tfim,auto,4,4,"dense_exact,sparse_krylov",data/raw/perlmutter/practical_suite_sweep/practical_accept_baselines_1node_20260704150409_c0_chem_h2_sto3g_4q_l1_grid17_r0_seed23.json,ok
practical_accept_baselines_1node_20260704150409_c0_chem_h2_sto3g_4q_l2_grid9_r0_seed17.json,chemistry,chemistry_vqe,absolute_energy_error,0.00016603001859039068,exact_dense_diagonalization_numpy,sparse_lanczos_eigsh_scipy,2,9.467163475987036,57020.79392849605,-1.1372701746609033,-0.35613463544553314,0.7811355392153702,336,126,84,21,accept_baselines_1node_20260704150409_c0,9.479260751977563,17,72,4,3,synthetic,"0,1,2",,h2_sto3g_4q,4,1,9,2,benchmarks/workloads/hamiltonians/h2_sto3g_4q.json,"dense_exact,sparse_lanczos",4,chordal,7,tfim,auto,4,4,"dense_exact,sparse_krylov",data/raw/perlmutter/practical_suite_sweep/practical_accept_baselines_1node_20260704150409_c0_chem_h2_sto3g_4q_l2_grid9_r0_seed17.json,ok
practical_accept_baselines_1node_20260704150409_c0_chem_h2_sto3g_4q_l2_grid9_r0_seed23.json,chemistry,chemistry_vqe,absolute_energy_error,0.00014862697571516037,exact_dense_diagonalization_numpy,exact_dense_diagonalization_numpy,2,10.753175008983817,72350.08959337226,-1.1372701746609029,-0.3511901986746768,0.786079975986226,336,126,84,21,accept_baselines_1node_20260704150409_c0,10.763096196984407,23,72,4,3,synthetic,"0,1,2",,h2_sto3g_4q,4,1,9,2,benchmarks/workloads/hamiltonians/h2_sto3g_4q.json,"dense_exact,sparse_lanczos",4,chordal,7,tfim,auto,4,4,"dense_exact,sparse_krylov",data/raw/perlmutter/practical_suite_sweep/practical_accept_baselines_1node_20260704150409_c0_chem_h2_sto3g_4q_l2_grid9_r0_seed23.json,ok
practical_accept_baselines_1node_20260704150409_c0_chem_h2o_sto3g_active_4q_l1_grid9_r0_seed17.json,chemistry,chemistry_vqe,absolute_energy_error,0.00015563098713755608,exact_dense_diagonalization_numpy,sparse_lanczos_eigsh_scipy,2,9.450993503967766,60726.939267013746,-74.9641952919976,-74.61675926705786,0.34743602493973924,168,63,84,21,accept_baselines_1node_20260704150409_c0,9.462877326004673,17,72,4,3,synthetic,"0,1,2",,h2o_sto3g_active_4q,4,1,9,1,benchmarks/workloads/hamiltonians/h2o_sto3g_active_4q.json,"dense_exact,sparse_lanczos",4,chordal,7,tfim,auto,4,4,"dense_exact,sparse_krylov",data/raw/perlmutter/practical_suite_sweep/practical_accept_baselines_1node_20260704150409_c0_chem_h2o_sto3g_active_4q_l1_grid9_r0_seed17.json,ok
practical_accept_baselines_1node_20260704150409_c0_chem_h2o_sto3g_active_4q_l1_grid9_r0_seed23.json,chemistry,chemistry_vqe,absolute_energy_error,0.00015405798330903053,exact_dense_diagonalization_numpy,sparse_lanczos_eigsh_scipy,2,9.517573474964593,61779.16438041996,-74.9641952919975,-74.55508213980782,0.4091131521896756,168,63,84,21,accept_baselines_1node_20260704150409_c0,9.52614515600726,23,72,4,3,synthetic,"0,1,2",,h2o_sto3g_active_4q,4,1,9,1,benchmarks/workloads/hamiltonians/h2o_sto3g_active_4q.json,"dense_exact,sparse_lanczos",4,chordal,7,tfim,auto,4,4,"dense_exact,sparse_krylov",data/raw/perlmutter/practical_suite_sweep/practical_accept_baselines_1node_20260704150409_c0_chem_h2o_sto3g_active_4q_l1_grid9_r0_seed23.json,ok
practical_accept_baselines_1node_20260704150409_c0_chem_h2o_sto3g_active_4q_l2_grid17_r0_seed17.json,chemistry,chemistry_vqe,absolute_energy_error,0.0001541079836897552,exact_dense_diagonalization_numpy,exact_dense_diagonalization_numpy,2,9.560316617949866,62036.47850715094,-74.96419529199744,-74.51829816225637,0.4458971297410699,592,222,148,37,accept_baselines_1node_20260704150409_c0,9.569883524032775,17,72,4,3,synthetic,"0,1,2",,h2o_sto3g_active_4q,4,1,17,2,benchmarks/workloads/hamiltonians/h2o_sto3g_active_4q.json,"dense_exact,sparse_lanczos",4,chordal,7,tfim,auto,4,4,"dense_exact,sparse_krylov",data/raw/perlmutter/practical_suite_sweep/practical_accept_baselines_1node_20260704150409_c0_chem_h2o_sto3g_active_4q_l2_grid17_r0_seed17.json,ok
practical_accept_baselines_1node_20260704150409_c0_chem_h2o_sto3g_active_4q_l2_grid17_r0_seed23.json,chemistry,chemistry_vqe,absolute_energy_error,0.00015146296937018633,exact_dense_diagonalization_numpy,sparse_lanczos_eigsh_scipy,2,10.396627276029903,68641.38026120301,-74.96419529199748,-74.51647720347528,0.4477180885222083,592,222,148,37,accept_baselines_1node_20260704150409_c0,10.491256271023303,23,72,4,3,synthetic,"0,1,2",,h2o_sto3g_active_4q,4,1,17,2,benchmarks/workloads/hamiltonians/h2o_sto3g_active_4q.json,"dense_exact,sparse_lanczos",4,chordal,7,tfim,auto,4,4,"dense_exact,sparse_krylov",data/raw/perlmutter/practical_suite_sweep/practical_accept_baselines_1node_20260704150409_c0_chem_h2o_sto3g_active_4q_l2_grid17_r0_seed23.json,ok
practical_accept_baselines_1node_20260704150409_c0_chem_lih_sto3g_active_4q_l2_grid13_r0_seed17.json,chemistry,chemistry_vqe,absolute_energy_error,0.0001620840048417449,exact_dense_diagonalization_numpy,exact_dense_diagonalization_numpy,2,9.374396084982436,57836.65139651122,-7.862773162272801,-7.70232475760537,0.16044840466743082,464,174,116,29,accept_baselines_1node_20260704150409_c0,9.387178276025224,17,72,4,3,synthetic,"0,1,2",,lih_sto3g_active_4q,4,1,13,2,benchmarks/workloads/hamiltonians/lih_sto3g_active_4q.json,"dense_exact,sparse_lanczos",4,chordal,7,tfim,auto,4,4,"dense_exact,sparse_krylov",data/raw/perlmutter/practical_suite_sweep/practical_accept_baselines_1node_20260704150409_c0_chem_lih_sto3g_active_4q_l2_grid13_r0_seed17.json,ok
practical_accept_baselines_1node_20260704150409_c0_chem_lih_sto3g_active_4q_l2_grid13_r0_seed23.json,chemistry,chemistry_vqe,absolute_energy_error,0.00015747500583529472,exact_dense_diagonalization_numpy,exact_dense_diagonalization_numpy,2,9.135979434009641,58015.4252768537,-7.862773162272801,-7.70232475760537,0.16044840466743082,464,174,116,29,accept_baselines_1node_20260704150409_c0,9.155674132984132,23,72,4,3,synthetic,"0,1,2",,lih_sto3g_active_4q,4,1,13,2,benchmarks/workloads/hamiltonians/lih_sto3g_active_4q.json,"dense_exact,sparse_lanczos",4,chordal,7,tfim,auto,4,4,"dense_exact,sparse_krylov",data/raw/perlmutter/practical_suite_sweep/practical_accept_baselines_1node_20260704150409_c0_chem_lih_sto3g_active_4q_l2_grid13_r0_seed23.json,ok
practical_accept_baselines_1node_20260704150409_c0_chem_molecular_chain_4q_l1_grid13_r0_seed17.json,chemistry,chemistry_vqe,absolute_energy_error,0.00017833500169217587,exact_dense_diagonalization_numpy,exact_dense_diagonalization_numpy,2,9.846816034987569,55215.27429586797,-1.705732892552902,-0.9019600519043551,0.8037728406485469,232,87,116,29,accept_baselines_1node_20260704150409_c0,9.86303566902643,17,72,4,3,synthetic,"0,1,2",,molecular_chain_4q_surrogate,4,1,13,1,benchmarks/workloads/hamiltonians/molecular_chain_4q.json,"dense_exact,sparse_lanczos",4,chordal,7,tfim,auto,4,4,"dense_exact,sparse_krylov",data/raw/perlmutter/practical_suite_sweep/practical_accept_baselines_1node_20260704150409_c0_chem_molecular_chain_4q_l1_grid13_r0_seed17.json,ok
practical_accept_baselines_1node_20260704150409_c0_chem_molecular_chain_4q_l1_grid13_r0_seed23.json,chemistry,chemistry_vqe,absolute_energy_error,0.00016382697504013777,exact_dense_diagonalization_numpy,sparse_lanczos_eigsh_scipy,2,10.422089585044887,63616.444010465704,-1.7057328925529023,-1.2281036714213251,0.47762922113157713,232,87,116,29,accept_baselines_1node_20260704150409_c0,10.433468128961977,23,72,4,3,synthetic,"0,1,2",,molecular_chain_4q_surrogate,4,1,13,1,benchmarks/workloads/hamiltonians/molecular_chain_4q.json,"dense_exact,sparse_lanczos",4,chordal,7,tfim,auto,4,4,"dense_exact,sparse_krylov",data/raw/perlmutter/practical_suite_sweep/practical_accept_baselines_1node_20260704150409_c0_chem_molecular_chain_4q_l1_grid13_r0_seed23.json,ok
practical_accept_baselines_1node_20260704150409_c0_sim_heisenberg_4q_6steps_r0_seed17.json,simulation,hamiltonian_simulation,absolute_observable_error,0.0003059519804082811,exact_dense_eigendecomposition_numpy,exact_dense_eigendecomposition_numpy,2,9.543260906997602,31192.02201032492,0.05328055679997454,-0.09809448856243674,0.15137504536241128,224,108,4,1,accept_baselines_1node_20260704150409_c0,9.552127617993392,17,72,4,3,synthetic,"0,1,2",,heisenberg,4,1,21,1,,"dense_exact,sparse_lanczos",4,chordal,7,heisenberg,auto,4,6,"dense_exact,sparse_krylov",data/raw/perlmutter/practical_suite_sweep/practical_accept_baselines_1node_20260704150409_c0_sim_heisenberg_4q_6steps_r0_seed17.json,ok
practical_accept_baselines_1node_20260704150409_c0_sim_heisenberg_5q_4steps_r0_seed23.json,simulation,hamiltonian_simulation,absolute_observable_error,0.0003921579918824136,exact_dense_eigendecomposition_numpy,exact_dense_eigendecomposition_numpy,2,9.27167104295222,23642.693085118306,-0.025259172203497292,-0.13003518922489032,0.10477601702139303,198,96,5,1,accept_baselines_1node_20260704150409_c0,9.290843667986337,23,72,4,3,synthetic,"0,1,2",,heisenberg,5,1,21,1,,"dense_exact,sparse_lanczos",4,chordal,7,heisenberg,auto,5,4,"dense_exact,sparse_krylov",data/raw/perlmutter/practical_suite_sweep/practical_accept_baselines_1node_20260704150409_c0_sim_heisenberg_5q_4steps_r0_seed23.json,ok
practical_accept_baselines_1node_20260704150409_c0_sim_heisenberg_5q_8steps_r0_seed17.json,simulation,hamiltonian_simulation,absolute_observable_error,0.0003970880061388016,exact_dense_eigendecomposition_numpy,exact_dense_eigendecomposition_numpy,2,9.175440763006918,23106.819196648452,-0.025259172203497292,-0.07408869759288389,0.0488295253893866,394,192,5,1,accept_baselines_1node_20260704150409_c0,9.187242668005638,17,72,4,3,synthetic,"0,1,2",,heisenberg,5,1,21,1,,"dense_exact,sparse_lanczos",4,chordal,7,heisenberg,auto,5,8,"dense_exact,sparse_krylov",data/raw/perlmutter/practical_suite_sweep/practical_accept_baselines_1node_20260704150409_c0_sim_heisenberg_5q_8steps_r0_seed17.json,ok
practical_accept_baselines_1node_20260704150409_c0_sim_heisenberg_6q_6steps_r0_seed23.json,simulation,hamiltonian_simulation,absolute_observable_error,0.0025202929973602295,sparse_krylov_expm_multiply_scipy,exact_dense_eigendecomposition_numpy,2,9.582133782038,3801.9919874690704,0.028435823107617414,-0.09191182641249906,0.12034764952011648,369,180,6,1,accept_baselines_1node_20260704150409_c0,9.646215829998255,23,72,4,3,synthetic,"0,1,2",,heisenberg,6,1,21,1,,"dense_exact,sparse_lanczos",4,chordal,7,heisenberg,auto,6,6,"dense_exact,sparse_krylov",data/raw/perlmutter/practical_suite_sweep/practical_accept_baselines_1node_20260704150409_c0_sim_heisenberg_6q_6steps_r0_seed23.json,ok
practical_accept_baselines_1node_20260704150409_c0_sim_heisenberg_7q_4steps_r0_seed17.json,simulation,hamiltonian_simulation,absolute_observable_error,0.0031434069969691336,sparse_krylov_expm_multiply_scipy,exact_dense_eigendecomposition_numpy,2,9.934739759017248,3160.5006187860185,-0.02818565466473985,-0.13003518922488988,0.10184953456015003,295,144,7,1,accept_baselines_1node_20260704150409_c0,9.971315957955085,17,72,4,3,synthetic,"0,1,2",,heisenberg,7,1,21,1,,"dense_exact,sparse_lanczos",4,chordal,7,heisenberg,auto,7,4,"dense_exact,sparse_krylov",data/raw/perlmutter/practical_suite_sweep/practical_accept_baselines_1node_20260704150409_c0_sim_heisenberg_7q_4steps_r0_seed17.json,ok
practical_accept_baselines_1node_20260704150409_c0_sim_heisenberg_7q_8steps_r0_seed23.json,simulation,hamiltonian_simulation,absolute_observable_error,0.0031501799821853638,sparse_krylov_expm_multiply_scipy,exact_dense_eigendecomposition_numpy,2,9.714900685998145,3083.9192493562414,-0.02818565466473985,-0.0745381904255929,0.04635253576085305,587,288,7,1,accept_baselines_1node_20260704150409_c0,9.741432668990456,23,72,4,3,synthetic,"0,1,2",,heisenberg,7,1,21,1,,"dense_exact,sparse_lanczos",4,chordal,7,heisenberg,auto,7,8,"dense_exact,sparse_krylov",data/raw/perlmutter/practical_suite_sweep/practical_accept_baselines_1node_20260704150409_c0_sim_heisenberg_7q_8steps_r0_seed23.json,ok
practical_accept_baselines_1node_20260704150409_c0_sim_heisenberg_8q_6steps_r0_seed17.json,simulation,hamiltonian_simulation,absolute_observable_error,0.0039819879457354546,sparse_krylov_expm_multiply_scipy,exact_dense_eigendecomposition_numpy,2,10.210658792988397,2564.2113768635572,0.02820079724211531,-0.0919102354234011,0.12011103266551641,514,252,8,1,accept_baselines_1node_20260704150409_c0,10.263814797042869,17,72,4,3,synthetic,"0,1,2",,heisenberg,8,1,21,1,,"dense_exact,sparse_lanczos",4,chordal,7,heisenberg,auto,8,6,"dense_exact,sparse_krylov",data/raw/perlmutter/practical_suite_sweep/practical_accept_baselines_1node_20260704150409_c0_sim_heisenberg_8q_6steps_r0_seed17.json,ok
practical_accept_baselines_1node_20260704150409_c0_sim_tfim_4q_4steps_r0_seed17.json,simulation,hamiltonian_simulation,absolute_observable_error,0.00032256299164146185,exact_dense_eigendecomposition_numpy,exact_dense_eigendecomposition_numpy,2,10.421226545993704,32307.570353815423,0.8218024506329117,0.820673031863585,0.0011294187693267066,28,24,4,1,accept_baselines_1node_20260704150409_c0,10.436440385004971,17,72,4,3,synthetic,"0,1,2",,tfim,4,1,21,1,,"dense_exact,sparse_lanczos",4,chordal,7,tfim,auto,4,4,"dense_exact,sparse_krylov",data/raw/perlmutter/practical_suite_sweep/practical_accept_baselines_1node_20260704150409_c0_sim_tfim_4q_4steps_r0_seed17.json,ok
practical_accept_baselines_1node_20260704150409_c0_sim_tfim_4q_8steps_r0_seed23.json,simulation,hamiltonian_simulation,absolute_observable_error,0.00033392501063644886,exact_dense_eigendecomposition_numpy,exact_dense_eigendecomposition_numpy,2,9.420402335003018,28211.131346669947,0.8218024506329117,0.8215212314654879,0.00028121916742374076,56,48,4,1,accept_baselines_1node_20260704150409_c0,9.43192119296873,23,72,4,3,synthetic,"0,1,2",,tfim,4,1,21,1,,"dense_exact,sparse_lanczos",4,chordal,7,tfim,auto,4,8,"dense_exact,sparse_krylov",data/raw/perlmutter/practical_suite_sweep/practical_accept_baselines_1node_20260704150409_c0_sim_tfim_4q_8steps_r0_seed23.json,ok
practical_accept_baselines_1node_20260704150409_c0_sim_tfim_5q_6steps_r0_seed17.json,simulation,hamiltonian_simulation,absolute_observable_error,0.0005196650163270533,exact_dense_eigendecomposition_numpy,exact_dense_eigendecomposition_numpy,2,11.652333158999681,22422.777737391963,0.8218024506329158,0.8213019840508522,0.0005004665820635967,54,48,5,1,accept_baselines_1node_20260704150409_c0,11.665518997993786,17,72,4,3,synthetic,"0,1,2",,tfim,5,1,21,1,,"dense_exact,sparse_lanczos",4,chordal,7,tfim,auto,5,6,"dense_exact,sparse_krylov",data/raw/perlmutter/practical_suite_sweep/practical_accept_baselines_1node_20260704150409_c0_sim_tfim_5q_6steps_r0_seed17.json,ok
practical_accept_baselines_1node_20260704150409_c0_sim_tfim_6q_4steps_r0_seed23.json,simulation,hamiltonian_simulation,absolute_observable_error,0.0021992819965817034,sparse_krylov_expm_multiply_scipy,exact_dense_eigendecomposition_numpy,2,10.555393767019268,4799.472638536254,0.821802450632914,0.8206730318635869,0.0011294187693271507,44,40,6,1,accept_baselines_1node_20260704150409_c0,10.567759933997877,23,72,4,3,synthetic,"0,1,2",,tfim,6,1,21,1,,"dense_exact,sparse_lanczos",4,chordal,7,tfim,auto,6,4,"dense_exact,sparse_krylov",data/raw/perlmutter/practical_suite_sweep/practical_accept_baselines_1node_20260704150409_c0_sim_tfim_6q_4steps_r0_seed23.json,ok
practical_accept_baselines_1node_20260704150409_c0_sim_tfim_6q_8steps_r0_seed17.json,simulation,hamiltonian_simulation,absolute_observable_error,0.0022648689919151366,exact_dense_eigendecomposition_numpy,exact_dense_eigendecomposition_numpy,2,9.849762377038132,4348.9325043517565,0.821802450632914,0.8215212314654883,0.00028121916742573916,88,80,6,1,accept_baselines_1node_20260704150409_c0,9.864289281016681,17,72,4,3,synthetic,"0,1,2",,tfim,6,1,21,1,,"dense_exact,sparse_lanczos",4,chordal,7,tfim,auto,6,8,"dense_exact,sparse_krylov",data/raw/perlmutter/practical_suite_sweep/practical_accept_baselines_1node_20260704150409_c0_sim_tfim_6q_8steps_r0_seed17.json,ok
practical_accept_baselines_1node_20260704150409_c0_sim_tfim_7q_6steps_r0_seed23.json,simulation,hamiltonian_simulation,absolute_observable_error,0.002603573026135564,sparse_krylov_expm_multiply_scipy,exact_dense_eigendecomposition_numpy,2,9.914136027975474,3807.8962750243445,0.8218024506329149,0.8213019840508498,0.000500466582065151,78,72,7,1,accept_baselines_1node_20260704150409_c0,9.940916107967496,23,72,4,3,synthetic,"0,1,2",,tfim,7,1,21,1,,"dense_exact,sparse_lanczos",4,chordal,7,tfim,auto,7,6,"dense_exact,sparse_krylov",data/raw/perlmutter/practical_suite_sweep/practical_accept_baselines_1node_20260704150409_c0_sim_tfim_7q_6steps_r0_seed23.json,ok
practical_accept_baselines_1node_20260704150409_c0_sim_tfim_8q_4steps_r0_seed17.json,simulation,hamiltonian_simulation,absolute_observable_error,0.003430922981351614,sparse_krylov_expm_multiply_scipy,exact_dense_eigendecomposition_numpy,2,10.733800464018714,3128.54602751535,0.8218024506329147,0.8206730318635883,0.0011294187693263735,60,56,8,1,accept_baselines_1node_20260704150409_c0,10.776198097970337,17,72,4,3,synthetic,"0,1,2",,tfim,8,1,21,1,,"dense_exact,sparse_lanczos",4,chordal,7,tfim,auto,8,4,"dense_exact,sparse_krylov",data/raw/perlmutter/practical_suite_sweep/practical_accept_baselines_1node_20260704150409_c0_sim_tfim_8q_4steps_r0_seed17.json,ok
practical_accept_baselines_1node_20260704150409_c0_sim_tfim_8q_8steps_r0_seed23.json,simulation,hamiltonian_simulation,absolute_observable_error,0.0034253319608978927,sparse_krylov_expm_multiply_scipy,exact_dense_eigendecomposition_numpy,2,9.261921955039725,2703.9487152690067,0.8218024506329147,0.8215212314654854,0.00028121916742929187,120,112,8,1,accept_baselines_1node_20260704150409_c0,9.307026963972021,23,72,4,3,synthetic,"0,1,2",,tfim,8,1,21,1,,"dense_exact,sparse_lanczos",4,chordal,7,tfim,auto,8,8,"dense_exact,sparse_krylov",data/raw/perlmutter/practical_suite_sweep/practical_accept_baselines_1node_20260704150409_c0_sim_tfim_8q_8steps_r0_seed23.json,ok
practical_accept_baselines_1node_20260704150409_c1_chem_h2_l1_grid21_r0_seed17.json,chemistry,chemistry_vqe,absolute_energy_error,0.00019002699991688132,exact_dense_diagonalization_numpy,sparse_lanczos_eigsh_scipy,2,25.13957101199776,132294.7319222738,-1.857275030202381,-1.8539259190122395,0.003349111190141585,1944,486,972,486,accept_baselines_1node_20260704150409_c1,25.165893361030612,17,72,4,3,synthetic,"0,1,2",,H2_minimal_2qubit,2,1,21,1,,"dense_exact,sparse_lanczos",4,chordal,7,tfim,auto,4,4,"dense_exact,sparse_krylov",data/raw/perlmutter/practical_suite_sweep/practical_accept_baselines_1node_20260704150409_c1_chem_h2_l1_grid21_r0_seed17.json,ok
practical_accept_baselines_1node_20260704150409_c1_chem_h2_l1_grid21_r0_seed23.json,chemistry,chemistry_vqe,absolute_energy_error,0.00014768500113859773,exact_dense_diagonalization_numpy,sparse_lanczos_eigsh_scipy,2,9.59323871601373,64957.43401193989,-1.857275030202382,-1.8539259190122395,0.003349111190142473,1944,486,972,486,accept_baselines_1node_20260704150409_c1,9.601008836994879,23,72,4,3,synthetic,"0,1,2",,H2_minimal_2qubit,2,1,21,1,,"dense_exact,sparse_lanczos",4,chordal,7,tfim,auto,4,4,"dense_exact,sparse_krylov",data/raw/perlmutter/practical_suite_sweep/practical_accept_baselines_1node_20260704150409_c1_chem_h2_l1_grid21_r0_seed23.json,ok
practical_accept_baselines_1node_20260704150409_c1_chem_h2_sto3g_4q_l2_grid13_r0_seed17.json,chemistry,chemistry_vqe,absolute_energy_error,0.00015373702626675367,exact_dense_diagonalization_numpy,sparse_lanczos_eigsh_scipy,2,9.64022176997969,62705.92064954252,-1.1372701746609035,-0.4133297827777639,0.7239403918831396,464,174,116,29,accept_baselines_1node_20260704150409_c1,9.64946784597123,17,72,4,3,synthetic,"0,1,2",,h2_sto3g_4q,4,1,13,2,benchmarks/workloads/hamiltonians/h2_sto3g_4q.json,"dense_exact,sparse_lanczos",4,chordal,7,tfim,auto,4,4,"dense_exact,sparse_krylov",data/raw/perlmutter/practical_suite_sweep/practical_accept_baselines_1node_20260704150409_c1_chem_h2_sto3g_4q_l2_grid13_r0_seed17.json,ok
practical_accept_baselines_1node_20260704150409_c1_chem_h2_sto3g_4q_l2_grid13_r0_seed23.json,chemistry,chemistry_vqe,absolute_energy_error,0.00014579197159036994,exact_dense_diagonalization_numpy,exact_dense_diagonalization_numpy,2,11.186300513974857,76727.82247163019,-1.1372701746609029,-0.37238203414078286,0.76488814052012,464,174,116,29,accept_baselines_1node_20260704150409_c1,11.195583256951068,23,72,4,3,synthetic,"0,1,2",,h2_sto3g_4q,4,1,13,2,benchmarks/workloads/hamiltonians/h2_sto3g_4q.json,"dense_exact,sparse_lanczos",4,chordal,7,tfim,auto,4,4,"dense_exact,sparse_krylov",data/raw/perlmutter/practical_suite_sweep/practical_accept_baselines_1node_20260704150409_c1_chem_h2_sto3g_4q_l2_grid13_r0_seed23.json,ok
practical_accept_baselines_1node_20260704150409_c1_chem_h2o_sto3g_active_4q_l1_grid13_r0_seed17.json,chemistry,chemistry_vqe,absolute_energy_error,0.0001493380405008793,exact_dense_diagonalization_numpy,exact_dense_diagonalization_numpy,2,9.460017987992615,63346.337987720646,-74.96419529199744,-74.61675926705786,0.3474360249395829,232,87,116,29,accept_baselines_1node_20260704150409_c1,9.470816051005386,17,72,4,3,synthetic,"0,1,2",,h2o_sto3g_active_4q,4,1,13,1,benchmarks/workloads/hamiltonians/h2o_sto3g_active_4q.json,"dense_exact,sparse_lanczos",4,chordal,7,tfim,auto,4,4,"dense_exact,sparse_krylov",data/raw/perlmutter/practical_suite_sweep/practical_accept_baselines_1node_20260704150409_c1_chem_h2o_sto3g_active_4q_l1_grid13_r0_seed17.json,ok
practical_accept_baselines_1node_20260704150409_c1_chem_h2o_sto3g_active_4q_l1_grid13_r0_seed23.json,chemistry,chemistry_vqe,absolute_energy_error,0.000152415013872087,exact_dense_diagonalization_numpy,exact_dense_diagonalization_numpy,2,9.593263224000111,62941.72063686046,-74.96419529199744,-74.55508213980782,0.40911315218961875,232,87,116,29,accept_baselines_1node_20260704150409_c1,9.604766902979463,23,72,4,3,synthetic,"0,1,2",,h2o_sto3g_active_4q,4,1,13,1,benchmarks/workloads/hamiltonians/h2o_sto3g_active_4q.json,"dense_exact,sparse_lanczos",4,chordal,7,tfim,auto,4,4,"dense_exact,sparse_krylov",data/raw/perlmutter/practical_suite_sweep/practical_accept_baselines_1node_20260704150409_c1_chem_h2o_sto3g_active_4q_l1_grid13_r0_seed23.json,ok
practical_accept_baselines_1node_20260704150409_c1_chem_lih_sto3g_active_4q_l1_grid9_r0_seed17.json,chemistry,chemistry_vqe,absolute_energy_error,0.00015966896899044514,exact_dense_diagonalization_numpy,exact_dense_diagonalization_numpy,2,10.001690375967883,62640.163828992976,-7.862773162272801,-7.714056633733221,0.1487165285395804,168,63,84,21,accept_baselines_1node_20260704150409_c1,10.0149797059712,17,72,4,3,synthetic,"0,1,2",,lih_sto3g_active_4q,4,1,9,1,benchmarks/workloads/hamiltonians/lih_sto3g_active_4q.json,"dense_exact,sparse_lanczos",4,chordal,7,tfim,auto,4,4,"dense_exact,sparse_krylov",data/raw/perlmutter/practical_suite_sweep/practical_accept_baselines_1node_20260704150409_c1_chem_lih_sto3g_active_4q_l1_grid9_r0_seed17.json,ok
practical_accept_baselines_1node_20260704150409_c1_chem_lih_sto3g_active_4q_l1_grid9_r0_seed23.json,chemistry,chemistry_vqe,absolute_energy_error,0.00015413796063512564,exact_dense_diagonalization_numpy,sparse_lanczos_eigsh_scipy,2,9.684318326995708,62828.898780621355,-7.862773162272809,-7.714056633733221,0.1487165285395884,168,63,84,21,accept_baselines_1node_20260704150409_c1,9.70225497300271,23,72,4,3,synthetic,"0,1,2",,lih_sto3g_active_4q,4,1,9,1,benchmarks/workloads/hamiltonians/lih_sto3g_active_4q.json,"dense_exact,sparse_lanczos",4,chordal,7,tfim,auto,4,4,"dense_exact,sparse_krylov",data/raw/perlmutter/practical_suite_sweep/practical_accept_baselines_1node_20260704150409_c1_chem_lih_sto3g_active_4q_l1_grid9_r0_seed23.json,ok
practical_accept_baselines_1node_20260704150409_c1_chem_lih_sto3g_active_4q_l2_grid17_r0_seed17.json,chemistry,chemistry_vqe,absolute_energy_error,0.00015736400382593274,exact_dense_diagonalization_numpy,sparse_lanczos_eigsh_scipy,2,9.569309554994106,60810.02848389102,-7.862773162272802,-7.70232475760537,0.1604484046674317,592,222,148,37,accept_baselines_1node_20260704150409_c1,9.579530285031069,17,72,4,3,synthetic,"0,1,2",,lih_sto3g_active_4q,4,1,17,2,benchmarks/workloads/hamiltonians/lih_sto3g_active_4q.json,"dense_exact,sparse_lanczos",4,chordal,7,tfim,auto,4,4,"dense_exact,sparse_krylov",data/raw/perlmutter/practical_suite_sweep/practical_accept_baselines_1node_20260704150409_c1_chem_lih_sto3g_active_4q_l2_grid17_r0_seed17.json,ok
practical_accept_baselines_1node_20260704150409_c1_chem_lih_sto3g_active_4q_l2_grid17_r0_seed23.json,chemistry,chemistry_vqe,absolute_energy_error,0.00015663303202018142,exact_dense_diagonalization_numpy,exact_dense_diagonalization_numpy,2,10.179918686975725,64992.15750138892,-7.862773162272801,-7.70232475760537,0.16044840466743082,592,222,148,37,accept_baselines_1node_20260704150409_c1,10.188618513988331,23,72,4,3,synthetic,"0,1,2",,lih_sto3g_active_4q,4,1,17,2,benchmarks/workloads/hamiltonians/lih_sto3g_active_4q.json,"dense_exact,sparse_lanczos",4,chordal,7,tfim,auto,4,4,"dense_exact,sparse_krylov",data/raw/perlmutter/practical_suite_sweep/practical_accept_baselines_1node_20260704150409_c1_chem_lih_sto3g_active_4q_l2_grid17_r0_seed23.json,ok
practical_accept_baselines_1node_20260704150409_c1_chem_molecular_chain_4q_l1_grid17_r0_seed17.json,chemistry,chemistry_vqe,absolute_energy_error,0.00015546998474746943,exact_dense_diagonalization_numpy,sparse_lanczos_eigsh_scipy,2,9.883950538001955,63574.65432351137,-1.7057328925529034,-1.3483747830949033,0.35735810945800006,296,111,148,37,accept_baselines_1node_20260704150409_c1,9.898837306012865,17,72,4,3,synthetic,"0,1,2",,molecular_chain_4q_surrogate,4,1,17,1,benchmarks/workloads/hamiltonians/molecular_chain_4q.json,"dense_exact,sparse_lanczos",4,chordal,7,tfim,auto,4,4,"dense_exact,sparse_krylov",data/raw/perlmutter/practical_suite_sweep/practical_accept_baselines_1node_20260704150409_c1_chem_molecular_chain_4q_l1_grid17_r0_seed17.json,ok
practical_accept_baselines_1node_20260704150409_c1_chem_molecular_chain_4q_l1_grid17_r0_seed23.json,chemistry,chemistry_vqe,absolute_energy_error,0.00016036001034080982,exact_dense_diagonalization_numpy,sparse_lanczos_eigsh_scipy,2,10.554560004035011,65817.9054840644,-1.7057328925529047,-1.2281036714213251,0.4776292211315796,296,111,148,37,accept_baselines_1node_20260704150409_c1,10.56478492898168,23,72,4,3,synthetic,"0,1,2",,molecular_chain_4q_surrogate,4,1,17,1,benchmarks/workloads/hamiltonians/molecular_chain_4q.json,"dense_exact,sparse_lanczos",4,chordal,7,tfim,auto,4,4,"dense_exact,sparse_krylov",data/raw/perlmutter/practical_suite_sweep/practical_accept_baselines_1node_20260704150409_c1_chem_molecular_chain_4q_l1_grid17_r0_seed23.json,ok
practical_accept_baselines_1node_20260704150409_c1_chem_molecular_chain_4q_l2_grid9_r0_seed17.json,chemistry,chemistry_vqe,absolute_energy_error,0.00017209199722856283,exact_dense_diagonalization_numpy,sparse_lanczos_eigsh_scipy,2,9.508862123009749,55254.528253168086,-1.7057328925529058,-0.9059288256492263,0.7998040669036796,336,126,84,21,accept_baselines_1node_20260704150409_c1,9.527911310025956,17,72,4,3,synthetic,"0,1,2",,molecular_chain_4q_surrogate,4,1,9,2,benchmarks/workloads/hamiltonians/molecular_chain_4q.json,"dense_exact,sparse_lanczos",4,chordal,7,tfim,auto,4,4,"dense_exact,sparse_krylov",data/raw/perlmutter/practical_suite_sweep/practical_accept_baselines_1node_20260704150409_c1_chem_molecular_chain_4q_l2_grid9_r0_seed17.json,ok
practical_accept_baselines_1node_20260704150409_c1_chem_molecular_chain_4q_l2_grid9_r0_seed23.json,chemistry,chemistry_vqe,absolute_energy_error,0.0001597279915586114,exact_dense_diagonalization_numpy,sparse_lanczos_eigsh_scipy,2,9.818602618004661,61470.769914500386,-1.7057328925529027,-0.8946266380615817,0.811106254491321,336,126,84,21,accept_baselines_1node_20260704150409_c1,9.827026329992805,23,72,4,3,synthetic,"0,1,2",,molecular_chain_4q_surrogate,4,1,9,2,benchmarks/workloads/hamiltonians/molecular_chain_4q.json,"dense_exact,sparse_lanczos",4,chordal,7,tfim,auto,4,4,"dense_exact,sparse_krylov",data/raw/perlmutter/practical_suite_sweep/practical_accept_baselines_1node_20260704150409_c1_chem_molecular_chain_4q_l2_grid9_r0_seed23.json,ok
practical_accept_baselines_1node_20260704150409_c1_sim_heisenberg_4q_4steps_r0_seed23.json,simulation,hamiltonian_simulation,absolute_observable_error,0.0003174039884470403,exact_dense_eigendecomposition_numpy,exact_dense_eigendecomposition_numpy,2,9.279946852009743,29237.020295219532,0.05328055679997454,-0.13193164268309854,0.18521219948307308,150,72,4,1,accept_baselines_1node_20260704150409_c1,9.292694846983068,23,72,4,3,synthetic,"0,1,2",,heisenberg,4,1,21,1,,"dense_exact,sparse_lanczos",4,chordal,7,heisenberg,auto,4,4,"dense_exact,sparse_krylov",data/raw/perlmutter/practical_suite_sweep/practical_accept_baselines_1node_20260704150409_c1_sim_heisenberg_4q_4steps_r0_seed23.json,ok
practical_accept_baselines_1node_20260704150409_c1_sim_heisenberg_4q_8steps_r0_seed17.json,simulation,hamiltonian_simulation,absolute_observable_error,0.0003256700001657009,exact_dense_eigendecomposition_numpy,exact_dense_eigendecomposition_numpy,2,9.692700590007007,29762.33790363055,0.05328055679997454,-0.08404486766654973,0.13732542446652427,298,144,4,1,accept_baselines_1node_20260704150409_c1,9.703263850999065,17,72,4,3,synthetic,"0,1,2",,heisenberg,4,1,21,1,,"dense_exact,sparse_lanczos",4,chordal,7,heisenberg,auto,4,8,"dense_exact,sparse_krylov",data/raw/perlmutter/practical_suite_sweep/practical_accept_baselines_1node_20260704150409_c1_sim_heisenberg_4q_8steps_r0_seed17.json,ok
practical_accept_baselines_1node_20260704150409_c1_sim_heisenberg_5q_6steps_r0_seed23.json,simulation,hamiltonian_simulation,absolute_observable_error,0.00041013298323377967,exact_dense_eigendecomposition_numpy,exact_dense_eigendecomposition_numpy,2,9.425244998012204,22980.948578426636,-0.025259172203497292,-0.09172767502661766,0.06646850282312036,296,144,5,1,accept_baselines_1node_20260704150409_c1,9.447122222976759,23,72,4,3,synthetic,"0,1,2",,heisenberg,5,1,21,1,,"dense_exact,sparse_lanczos",4,chordal,7,heisenberg,auto,5,6,"dense_exact,sparse_krylov",data/raw/perlmutter/practical_suite_sweep/practical_accept_baselines_1node_20260704150409_c1_sim_heisenberg_5q_6steps_r0_seed23.json,ok
practical_accept_baselines_1node_20260704150409_c1_sim_heisenberg_6q_4steps_r0_seed17.json,simulation,hamiltonian_simulation,absolute_observable_error,0.0023903819965198636,sparse_krylov_expm_multiply_scipy,exact_dense_eigendecomposition_numpy,2,9.164193417993374,3833.7777942334924,0.028435823107617414,-0.1300351892248902,0.15847101233250763,247,120,6,1,accept_baselines_1node_20260704150409_c1,9.181583818979561,17,72,4,3,synthetic,"0,1,2",,heisenberg,6,1,21,1,,"dense_exact,sparse_lanczos",4,chordal,7,heisenberg,auto,6,4,"dense_exact,sparse_krylov",data/raw/perlmutter/practical_suite_sweep/practical_accept_baselines_1node_20260704150409_c1_sim_heisenberg_6q_4steps_r0_seed17.json,ok
practical_accept_baselines_1node_20260704150409_c1_sim_heisenberg_6q_8steps_r0_seed23.json,simulation,hamiltonian_simulation,absolute_observable_error,0.00249025400262326,sparse_krylov_expm_multiply_scipy,exact_dense_eigendecomposition_numpy,2,9.71917408698937,3902.884636166065,0.028435823107617414,-0.07454781296089058,0.102983636068508,491,240,6,1,accept_baselines_1node_20260704150409_c1,9.736301589000504,23,72,4,3,synthetic,"0,1,2",,heisenberg,6,1,21,1,,"dense_exact,sparse_lanczos",4,chordal,7,heisenberg,auto,6,8,"dense_exact,sparse_krylov",data/raw/perlmutter/practical_suite_sweep/practical_accept_baselines_1node_20260704150409_c1_sim_heisenberg_6q_8steps_r0_seed23.json,ok
practical_accept_baselines_1node_20260704150409_c1_sim_heisenberg_7q_6steps_r0_seed17.json,simulation,hamiltonian_simulation,absolute_observable_error,0.0031369650387205184,sparse_krylov_expm_multiply_scipy,exact_dense_eigendecomposition_numpy,2,9.989331988035701,3184.3937897727014,-0.02818565466473985,-0.09191023542340215,0.0637245807586623,441,216,7,1,accept_baselines_1node_20260704150409_c1,10.01426696300041,17,72,4,3,synthetic,"0,1,2",,heisenberg,7,1,21,1,,"dense_exact,sparse_lanczos",4,chordal,7,heisenberg,auto,7,6,"dense_exact,sparse_krylov",data/raw/perlmutter/practical_suite_sweep/practical_accept_baselines_1node_20260704150409_c1_sim_heisenberg_7q_6steps_r0_seed17.json,ok
practical_accept_baselines_1node_20260704150409_c1_sim_heisenberg_8q_4steps_r0_seed23.json,simulation,hamiltonian_simulation,absolute_observable_error,0.004069908056408167,sparse_krylov_expm_multiply_scipy,exact_dense_eigendecomposition_numpy,2,9.657284628017806,2372.850809937139,0.02820079724211531,-0.1300351892248901,0.1582359864670054,344,168,8,1,accept_baselines_1node_20260704150409_c1,9.715803632047027,23,72,4,3,synthetic,"0,1,2",,heisenberg,8,1,21,1,,"dense_exact,sparse_lanczos",4,chordal,7,heisenberg,auto,8,4,"dense_exact,sparse_krylov",data/raw/perlmutter/practical_suite_sweep/practical_accept_baselines_1node_20260704150409_c1_sim_heisenberg_8q_4steps_r0_seed23.json,ok
practical_accept_baselines_1node_20260704150409_c1_sim_heisenberg_8q_8steps_r0_seed17.json,simulation,hamiltonian_simulation,absolute_observable_error,0.003968993027228862,sparse_krylov_expm_multiply_scipy,exact_dense_eigendecomposition_numpy,2,10.364114488998894,2611.270520733337,0.02820079724211531,-0.07453829549813012,0.10273909274024544,684,336,8,1,accept_baselines_1node_20260704150409_c1,10.418632576009259,17,72,4,3,synthetic,"0,1,2",,heisenberg,8,1,21,1,,"dense_exact,sparse_lanczos",4,chordal,7,heisenberg,auto,8,8,"dense_exact,sparse_krylov",data/raw/perlmutter/practical_suite_sweep/practical_accept_baselines_1node_20260704150409_c1_sim_heisenberg_8q_8steps_r0_seed17.json,ok
practical_accept_baselines_1node_20260704150409_c1_sim_tfim_4q_6steps_r0_seed17.json,simulation,hamiltonian_simulation,absolute_observable_error,0.0003268420114181936,exact_dense_eigendecomposition_numpy,exact_dense_eigendecomposition_numpy,2,10.062680709990673,30787.598773878235,0.8218024506329117,0.8213019840508518,0.000500466582059933,42,36,4,1,accept_baselines_1node_20260704150409_c1,10.0773313799873,17,72,4,3,synthetic,"0,1,2",,tfim,4,1,21,1,,"dense_exact,sparse_lanczos",4,chordal,7,tfim,auto,4,6,"dense_exact,sparse_krylov",data/raw/perlmutter/practical_suite_sweep/practical_accept_baselines_1node_20260704150409_c1_sim_tfim_4q_6steps_r0_seed17.json,ok
practical_accept_baselines_1node_20260704150409_c1_sim_tfim_5q_4steps_r0_seed23.json,simulation,hamiltonian_simulation,absolute_observable_error,0.0005952410283498466,exact_dense_eigendecomposition_numpy,exact_dense_eigendecomposition_numpy,2,9.53756483696634,16023.029970576452,0.8218024506329158,0.8206730318635854,0.0011294187693303703,36,32,5,1,accept_baselines_1node_20260704150409_c1,9.550381503999233,23,72,4,3,synthetic,"0,1,2",,tfim,5,1,21,1,,"dense_exact,sparse_lanczos",4,chordal,7,tfim,auto,5,4,"dense_exact,sparse_krylov",data/raw/perlmutter/practical_suite_sweep/practical_accept_baselines_1node_20260704150409_c1_sim_tfim_5q_4steps_r0_seed23.json,ok
practical_accept_baselines_1node_20260704150409_c1_sim_tfim_5q_8steps_r0_seed17.json,simulation,hamiltonian_simulation,absolute_observable_error,0.0005776360048912466,exact_dense_eigendecomposition_numpy,exact_dense_eigendecomposition_numpy,2,11.691159237991087,20239.665012211663,0.8218024506329158,0.8215212314654874,0.0002812191674284037,72,64,5,1,accept_baselines_1node_20260704150409_c1,11.703478281968273,17,72,4,3,synthetic,"0,1,2",,tfim,5,1,21,1,,"dense_exact,sparse_lanczos",4,chordal,7,tfim,auto,5,8,"dense_exact,sparse_krylov",data/raw/perlmutter/practical_suite_sweep/practical_accept_baselines_1node_20260704150409_c1_sim_tfim_5q_8steps_r0_seed17.json,ok
practical_accept_baselines_1node_20260704150409_c1_sim_tfim_6q_6steps_r0_seed23.json,simulation,hamiltonian_simulation,absolute_observable_error,0.0022917099995538592,sparse_krylov_expm_multiply_scipy,exact_dense_eigendecomposition_numpy,2,10.692892724007834,4665.901325250351,0.821802450632914,0.8213019840508512,0.0005004665820628196,66,60,6,1,accept_baselines_1node_20260704150409_c1,10.708728469035123,23,72,4,3,synthetic,"0,1,2",,tfim,6,1,21,1,,"dense_exact,sparse_lanczos",4,chordal,7,tfim,auto,6,6,"dense_exact,sparse_krylov",data/raw/perlmutter/practical_suite_sweep/practical_accept_baselines_1node_20260704150409_c1_sim_tfim_6q_6steps_r0_seed23.json,ok
practical_accept_baselines_1node_20260704150409_c1_sim_tfim_7q_4steps_r0_seed17.json,simulation,hamiltonian_simulation,absolute_observable_error,0.0026772459968924522,sparse_krylov_expm_multiply_scipy,exact_dense_eigendecomposition_numpy,2,9.838121102016885,3674.7168969292484,0.8218024506329149,0.8206730318635873,0.0011294187693275948,52,48,7,1,accept_baselines_1node_20260704150409_c1,9.859253495989833,17,72,4,3,synthetic,"0,1,2",,tfim,7,1,21,1,,"dense_exact,sparse_lanczos",4,chordal,7,tfim,auto,7,4,"dense_exact,sparse_krylov",data/raw/perlmutter/practical_suite_sweep/practical_accept_baselines_1node_20260704150409_c1_sim_tfim_7q_4steps_r0_seed17.json,ok
practical_accept_baselines_1node_20260704150409_c1_sim_tfim_7q_8steps_r0_seed23.json,simulation,hamiltonian_simulation,absolute_observable_error,0.0026089739985764027,sparse_krylov_expm_multiply_scipy,exact_dense_eigendecomposition_numpy,2,10.163776419998612,3895.6986254154003,0.8218024506329149,0.8215212314654866,0.00028121916742829267,104,96,7,1,accept_baselines_1node_20260704150409_c1,10.186889762990177,23,72,4,3,synthetic,"0,1,2",,tfim,7,1,21,1,,"dense_exact,sparse_lanczos",4,chordal,7,tfim,auto,7,8,"dense_exact,sparse_krylov",data/raw/perlmutter/practical_suite_sweep/practical_accept_baselines_1node_20260704150409_c1_sim_tfim_7q_8steps_r0_seed23.json,ok
practical_accept_baselines_1node_20260704150409_c1_sim_tfim_8q_6steps_r0_seed17.json,simulation,hamiltonian_simulation,absolute_observable_error,0.003472193027846515,sparse_krylov_expm_multiply_scipy,exact_dense_eigendecomposition_numpy,2,10.955299152992666,3155.152684523199,0.8218024506329147,0.8213019840508491,0.0005004665820655951,90,84,8,1,accept_baselines_1node_20260704150409_c1,10.999830272980034,17,72,4,3,synthetic,"0,1,2",,tfim,8,1,21,1,,"dense_exact,sparse_lanczos",4,chordal,7,tfim,auto,8,6,"dense_exact,sparse_krylov",data/raw/perlmutter/practical_suite_sweep/practical_accept_baselines_1node_20260704150409_c1_sim_tfim_8q_6steps_r0_seed17.json,ok
practical_accept_baselines_1node_20260704150409_c2_chem_h2_l2_grid17_r0_seed17.json,chemistry,chemistry_vqe,absolute_energy_error,0.00015578098827973008,exact_dense_diagonalization_numpy,exact_dense_diagonalization_numpy,2,10.017138049006462,64302.699319245956,-1.85727503020238,-1.8369679912029844,0.020307038999395566,296,74,74,37,accept_baselines_1node_20260704150409_c2,10.03106117300922,17,72,4,3,synthetic,"0,1,2",,H2_minimal_2qubit,2,1,17,2,,"dense_exact,sparse_lanczos",4,chordal,7,tfim,auto,4,4,"dense_exact,sparse_krylov",data/raw/perlmutter/practical_suite_sweep/practical_accept_baselines_1node_20260704150409_c2_chem_h2_l2_grid17_r0_seed17.json,ok
practical_accept_baselines_1node_20260704150409_c2_chem_h2_l2_grid17_r0_seed23.json,chemistry,chemistry_vqe,absolute_energy_error,0.00014942901907488704,exact_dense_diagonalization_numpy,sparse_lanczos_eigsh_scipy,2,10.559746742015705,70667.30951853227,-1.8572750302023806,-1.8369679912029844,0.020307038999396232,296,74,74,37,accept_baselines_1node_20260704150409_c2,10.569189085043035,23,72,4,3,synthetic,"0,1,2",,H2_minimal_2qubit,2,1,17,2,,"dense_exact,sparse_lanczos",4,chordal,7,tfim,auto,4,4,"dense_exact,sparse_krylov",data/raw/perlmutter/practical_suite_sweep/practical_accept_baselines_1node_20260704150409_c2_chem_h2_l2_grid17_r0_seed23.json,ok
practical_accept_baselines_1node_20260704150409_c2_chem_h2_sto3g_4q_l1_grid9_r0_seed17.json,chemistry,chemistry_vqe,absolute_energy_error,0.00015217403415590525,exact_dense_diagonalization_numpy,sparse_lanczos_eigsh_scipy,2,25.085546709015034,164847.7471742282,-1.1372701746609037,-0.6316547102283506,0.5056154644325531,168,63,84,21,accept_baselines_1node_20260704150409_c2,25.115064245008398,17,72,4,3,synthetic,"0,1,2",,h2_sto3g_4q,4,1,9,1,benchmarks/workloads/hamiltonians/h2_sto3g_4q.json,"dense_exact,sparse_lanczos",4,chordal,7,tfim,auto,4,4,"dense_exact,sparse_krylov",data/raw/perlmutter/practical_suite_sweep/practical_accept_baselines_1node_20260704150409_c2_chem_h2_sto3g_4q_l1_grid9_r0_seed17.json,ok
practical_accept_baselines_1node_20260704150409_c2_chem_h2_sto3g_4q_l1_grid9_r0_seed23.json,chemistry,chemistry_vqe,absolute_energy_error,0.00016235403018072248,exact_dense_diagonalization_numpy,sparse_lanczos_eigsh_scipy,2,9.557858706975821,58870.47396566998,-1.1372701746609035,-0.5324790068861727,0.6047911677747309,168,63,84,21,accept_baselines_1node_20260704150409_c2,9.568997672002297,23,72,4,3,synthetic,"0,1,2",,h2_sto3g_4q,4,1,9,1,benchmarks/workloads/hamiltonians/h2_sto3g_4q.json,"dense_exact,sparse_lanczos",4,chordal,7,tfim,auto,4,4,"dense_exact,sparse_krylov",data/raw/perlmutter/practical_suite_sweep/practical_accept_baselines_1node_20260704150409_c2_chem_h2_sto3g_4q_l1_grid9_r0_seed23.json,ok
practical_accept_baselines_1node_20260704150409_c2_chem_h2_sto3g_4q_l2_grid17_r0_seed17.json,chemistry,chemistry_vqe,absolute_energy_error,0.0001484369859099388,exact_dense_diagonalization_numpy,sparse_lanczos_eigsh_scipy,2,9.533001406001858,64222.54768623379,-1.137270174660904,-0.46216878958851626,0.6751013850723877,592,222,148,37,accept_baselines_1node_20260704150409_c2,9.542105636035558,17,72,4,3,synthetic,"0,1,2",,h2_sto3g_4q,4,1,17,2,benchmarks/workloads/hamiltonians/h2_sto3g_4q.json,"dense_exact,sparse_lanczos",4,chordal,7,tfim,auto,4,4,"dense_exact,sparse_krylov",data/raw/perlmutter/practical_suite_sweep/practical_accept_baselines_1node_20260704150409_c2_chem_h2_sto3g_4q_l2_grid17_r0_seed17.json,ok
practical_accept_baselines_1node_20260704150409_c2_chem_h2_sto3g_4q_l2_grid17_r0_seed23.json,chemistry,chemistry_vqe,absolute_energy_error,0.0001464539673179388,exact_dense_diagonalization_numpy,sparse_lanczos_eigsh_scipy,2,11.267821300018113,76937.63102747947,-1.1372701746609044,-0.37238203414078286,0.7648881405201216,592,222,148,37,accept_baselines_1node_20260704150409_c2,11.278873144008685,23,72,4,3,synthetic,"0,1,2",,h2_sto3g_4q,4,1,17,2,benchmarks/workloads/hamiltonians/h2_sto3g_4q.json,"dense_exact,sparse_lanczos",4,chordal,7,tfim,auto,4,4,"dense_exact,sparse_krylov",data/raw/perlmutter/practical_suite_sweep/practical_accept_baselines_1node_20260704150409_c2_chem_h2_sto3g_4q_l2_grid17_r0_seed23.json,ok
practical_accept_baselines_1node_20260704150409_c2_chem_h2o_sto3g_active_4q_l1_grid17_r0_seed17.json,chemistry,chemistry_vqe,absolute_energy_error,0.00015697302296757698,exact_dense_diagonalization_numpy,exact_dense_diagonalization_numpy,2,9.623235628998373,61305.028386858976,-74.96419529199744,-74.61675926705786,0.3474360249395829,296,111,148,37,accept_baselines_1node_20260704150409_c2,9.634627761028241,17,72,4,3,synthetic,"0,1,2",,h2o_sto3g_active_4q,4,1,17,1,benchmarks/workloads/hamiltonians/h2o_sto3g_active_4q.json,"dense_exact,sparse_lanczos",4,chordal,7,tfim,auto,4,4,"dense_exact,sparse_krylov",data/raw/perlmutter/practical_suite_sweep/practical_accept_baselines_1node_20260704150409_c2_chem_h2o_sto3g_active_4q_l1_grid17_r0_seed17.json,ok
practical_accept_baselines_1node_20260704150409_c2_chem_h2o_sto3g_active_4q_l1_grid17_r0_seed23.json,chemistry,chemistry_vqe,absolute_energy_error,0.00014313700376078486,exact_dense_diagonalization_numpy,exact_dense_diagonalization_numpy,2,9.613011210982222,67159.51122637578,-74.96419529199744,-74.55508213980782,0.40911315218961875,296,111,148,37,accept_baselines_1node_20260704150409_c2,9.6230703080073,23,72,4,3,synthetic,"0,1,2",,h2o_sto3g_active_4q,4,1,17,1,benchmarks/workloads/hamiltonians/h2o_sto3g_active_4q.json,"dense_exact,sparse_lanczos",4,chordal,7,tfim,auto,4,4,"dense_exact,sparse_krylov",data/raw/perlmutter/practical_suite_sweep/practical_accept_baselines_1node_20260704150409_c2_chem_h2o_sto3g_active_4q_l1_grid17_r0_seed23.json,ok
practical_accept_baselines_1node_20260704150409_c2_chem_h2o_sto3g_active_4q_l2_grid9_r0_seed17.json,chemistry,chemistry_vqe,absolute_energy_error,0.00014237500727176666,exact_dense_diagonalization_numpy,sparse_lanczos_eigsh_scipy,2,9.445296364021488,66340.9719515745,-74.96419529199753,-74.51647720347528,0.4477180885222509,336,126,84,21,accept_baselines_1node_20260704150409_c2,9.454127256991342,17,72,4,3,synthetic,"0,1,2",,h2o_sto3g_active_4q,4,1,9,2,benchmarks/workloads/hamiltonians/h2o_sto3g_active_4q.json,"dense_exact,sparse_lanczos",4,chordal,7,tfim,auto,4,4,"dense_exact,sparse_krylov",data/raw/perlmutter/practical_suite_sweep/practical_accept_baselines_1node_20260704150409_c2_chem_h2o_sto3g_active_4q_l2_grid9_r0_seed17.json,ok
practical_accept_baselines_1node_20260704150409_c2_chem_h2o_sto3g_active_4q_l2_grid9_r0_seed23.json,chemistry,chemistry_vqe,absolute_energy_error,0.00014670297969132662,exact_dense_diagonalization_numpy,exact_dense_diagonalization_numpy,2,10.355688574025407,70589.49038263915,-74.96419529199744,-74.51647720347528,0.44771808852216566,336,126,84,21,accept_baselines_1node_20260704150409_c2,10.36720386298839,23,72,4,3,synthetic,"0,1,2",,h2o_sto3g_active_4q,4,1,9,2,benchmarks/workloads/hamiltonians/h2o_sto3g_active_4q.json,"dense_exact,sparse_lanczos",4,chordal,7,tfim,auto,4,4,"dense_exact,sparse_krylov",data/raw/perlmutter/practical_suite_sweep/practical_accept_baselines_1node_20260704150409_c2_chem_h2o_sto3g_active_4q_l2_grid9_r0_seed23.json,ok
practical_accept_baselines_1node_20260704150409_c2_chem_lih_sto3g_active_4q_l1_grid13_r0_seed17.json,chemistry,chemistry_vqe,absolute_energy_error,0.0001569930464029312,exact_dense_diagonalization_numpy,sparse_lanczos_eigsh_scipy,2,9.967772141040768,63491.806608159815,-7.862773162272809,-7.714056633733221,0.1487165285395884,232,87,116,29,accept_baselines_1node_20260704150409_c2,9.989497077011038,17,72,4,3,synthetic,"0,1,2",,lih_sto3g_active_4q,4,1,13,1,benchmarks/workloads/hamiltonians/lih_sto3g_active_4q.json,"dense_exact,sparse_lanczos",4,chordal,7,tfim,auto,4,4,"dense_exact,sparse_krylov",data/raw/perlmutter/practical_suite_sweep/practical_accept_baselines_1node_20260704150409_c2_chem_lih_sto3g_active_4q_l1_grid13_r0_seed17.json,ok
practical_accept_baselines_1node_20260704150409_c2_chem_lih_sto3g_active_4q_l1_grid13_r0_seed23.json,chemistry,chemistry_vqe,absolute_energy_error,0.00015404797159135342,exact_dense_diagonalization_numpy,sparse_lanczos_eigsh_scipy,2,9.819040510978084,63740.148017172716,-7.862773162272802,-7.714056633733221,0.14871652853958128,232,87,116,29,accept_baselines_1node_20260704150409_c2,9.835118644987233,23,72,4,3,synthetic,"0,1,2",,lih_sto3g_active_4q,4,1,13,1,benchmarks/workloads/hamiltonians/lih_sto3g_active_4q.json,"dense_exact,sparse_lanczos",4,chordal,7,tfim,auto,4,4,"dense_exact,sparse_krylov",data/raw/perlmutter/practical_suite_sweep/practical_accept_baselines_1node_20260704150409_c2_chem_lih_sto3g_active_4q_l1_grid13_r0_seed23.json,ok
practical_accept_baselines_1node_20260704150409_c2_chem_molecular_chain_4q_l2_grid13_r0_seed17.json,chemistry,chemistry_vqe,absolute_energy_error,0.00016115198377519846,exact_dense_diagonalization_numpy,sparse_lanczos_eigsh_scipy,2,9.440723842999432,58582.734272566704,-1.705732892552905,-0.9059288256492263,0.7998040669036787,464,174,116,29,accept_baselines_1node_20260704150409_c2,9.45251188299153,17,72,4,3,synthetic,"0,1,2",,molecular_chain_4q_surrogate,4,1,13,2,benchmarks/workloads/hamiltonians/molecular_chain_4q.json,"dense_exact,sparse_lanczos",4,chordal,7,tfim,auto,4,4,"dense_exact,sparse_krylov",data/raw/perlmutter/practical_suite_sweep/practical_accept_baselines_1node_20260704150409_c2_chem_molecular_chain_4q_l2_grid13_r0_seed17.json,ok
practical_accept_baselines_1node_20260704150409_c2_chem_molecular_chain_4q_l2_grid13_r0_seed23.json,chemistry,chemistry_vqe,absolute_energy_error,0.0001613220083527267,exact_dense_diagonalization_numpy,sparse_lanczos_eigsh_scipy,2,9.79350253904704,60707.789588347936,-1.7057328925529045,-0.8946266380615817,0.8111062544913228,464,174,116,29,accept_baselines_1node_20260704150409_c2,9.889093493984547,23,72,4,3,synthetic,"0,1,2",,molecular_chain_4q_surrogate,4,1,13,2,benchmarks/workloads/hamiltonians/molecular_chain_4q.json,"dense_exact,sparse_lanczos",4,chordal,7,tfim,auto,4,4,"dense_exact,sparse_krylov",data/raw/perlmutter/practical_suite_sweep/practical_accept_baselines_1node_20260704150409_c2_chem_molecular_chain_4q_l2_grid13_r0_seed23.json,ok
practical_accept_baselines_1node_20260704150409_c2_sim_heisenberg_4q_6steps_r0_seed23.json,simulation,hamiltonian_simulation,absolute_observable_error,0.00031819497235119343,exact_dense_eigendecomposition_numpy,exact_dense_eigendecomposition_numpy,2,9.592272618960124,30145.896234881686,0.05328055679997454,-0.09809448856243674,0.15137504536241128,224,108,4,1,accept_baselines_1node_20260704150409_c2,9.603704851004295,23,72,4,3,synthetic,"0,1,2",,heisenberg,4,1,21,1,,"dense_exact,sparse_lanczos",4,chordal,7,heisenberg,auto,4,6,"dense_exact,sparse_krylov",data/raw/perlmutter/practical_suite_sweep/practical_accept_baselines_1node_20260704150409_c2_sim_heisenberg_4q_6steps_r0_seed23.json,ok
practical_accept_baselines_1node_20260704150409_c2_sim_heisenberg_5q_4steps_r0_seed17.json,simulation,hamiltonian_simulation,absolute_observable_error,0.0003985110088251531,exact_dense_eigendecomposition_numpy,exact_dense_eigendecomposition_numpy,2,9.627149133011699,24157.799708955128,-0.025259172203497292,-0.13003518922489032,0.10477601702139303,198,96,5,1,accept_baselines_1node_20260704150409_c2,9.644359524012543,17,72,4,3,synthetic,"0,1,2",,heisenberg,5,1,21,1,,"dense_exact,sparse_lanczos",4,chordal,7,heisenberg,auto,5,4,"dense_exact,sparse_krylov",data/raw/perlmutter/practical_suite_sweep/practical_accept_baselines_1node_20260704150409_c2_sim_heisenberg_5q_4steps_r0_seed17.json,ok
practical_accept_baselines_1node_20260704150409_c2_sim_heisenberg_5q_8steps_r0_seed23.json,simulation,hamiltonian_simulation,absolute_observable_error,0.0004028690163977444,exact_dense_eigendecomposition_numpy,exact_dense_eigendecomposition_numpy,2,9.42409220902482,23392.447235804815,-0.025259172203497292,-0.07408869759288389,0.0488295253893866,394,192,5,1,accept_baselines_1node_20260704150409_c2,9.44402000500122,23,72,4,3,synthetic,"0,1,2",,heisenberg,5,1,21,1,,"dense_exact,sparse_lanczos",4,chordal,7,heisenberg,auto,5,8,"dense_exact,sparse_krylov",data/raw/perlmutter/practical_suite_sweep/practical_accept_baselines_1node_20260704150409_c2_sim_heisenberg_5q_8steps_r0_seed23.json,ok
practical_accept_baselines_1node_20260704150409_c2_sim_heisenberg_6q_6steps_r0_seed17.json,simulation,hamiltonian_simulation,absolute_observable_error,0.0024917470291256905,sparse_krylov_expm_multiply_scipy,exact_dense_eigendecomposition_numpy,2,9.380922859010752,3764.797449082281,0.028435823107617414,-0.09191182641249906,0.12034764952011648,369,180,6,1,accept_baselines_1node_20260704150409_c2,9.405867803026922,17,72,4,3,synthetic,"0,1,2",,heisenberg,6,1,21,1,,"dense_exact,sparse_lanczos",4,chordal,7,heisenberg,auto,6,6,"dense_exact,sparse_krylov",data/raw/perlmutter/practical_suite_sweep/practical_accept_baselines_1node_20260704150409_c2_sim_heisenberg_6q_6steps_r0_seed17.json,ok
practical_accept_baselines_1node_20260704150409_c2_sim_heisenberg_7q_4steps_r0_seed23.json,simulation,hamiltonian_simulation,absolute_observable_error,0.003209083981346339,sparse_krylov_expm_multiply_scipy,exact_dense_eigendecomposition_numpy,2,9.659591959964018,3010.077647114562,-0.02818565466473985,-0.13003518922488988,0.10184953456015003,295,144,7,1,accept_baselines_1node_20260704150409_c2,9.737962049024645,23,72,4,3,synthetic,"0,1,2",,heisenberg,7,1,21,1,,"dense_exact,sparse_lanczos",4,chordal,7,heisenberg,auto,7,4,"dense_exact,sparse_krylov",data/raw/perlmutter/practical_suite_sweep/practical_accept_baselines_1node_20260704150409_c2_sim_heisenberg_7q_4steps_r0_seed23.json,ok
practical_accept_baselines_1node_20260704150409_c2_sim_heisenberg_7q_8steps_r0_seed17.json,simulation,hamiltonian_simulation,absolute_observable_error,0.003149278985802084,sparse_krylov_expm_multiply_scipy,exact_dense_eigendecomposition_numpy,2,9.921195093018468,3150.3068282442614,-0.02818565466473985,-0.0745381904255929,0.04635253576085305,587,288,7,1,accept_baselines_1node_20260704150409_c2,9.945625072985422,17,72,4,3,synthetic,"0,1,2",,heisenberg,7,1,21,1,,"dense_exact,sparse_lanczos",4,chordal,7,heisenberg,auto,7,8,"dense_exact,sparse_krylov",data/raw/perlmutter/practical_suite_sweep/practical_accept_baselines_1node_20260704150409_c2_sim_heisenberg_7q_8steps_r0_seed17.json,ok
practical_accept_baselines_1node_20260704150409_c2_sim_heisenberg_8q_6steps_r0_seed23.json,simulation,hamiltonian_simulation,absolute_observable_error,0.00407806399744004,sparse_krylov_expm_multiply_scipy,exact_dense_eigendecomposition_numpy,2,9.767968950036447,2395.2466062740023,0.02820079724211531,-0.0919102354234011,0.12011103266551641,514,252,8,1,accept_baselines_1node_20260704150409_c2,9.82299488101853,23,72,4,3,synthetic,"0,1,2",,heisenberg,8,1,21,1,,"dense_exact,sparse_lanczos",4,chordal,7,heisenberg,auto,8,6,"dense_exact,sparse_krylov",data/raw/perlmutter/practical_suite_sweep/practical_accept_baselines_1node_20260704150409_c2_sim_heisenberg_8q_6steps_r0_seed23.json,ok
practical_accept_baselines_1node_20260704150409_c2_sim_tfim_4q_4steps_r0_seed23.json,simulation,hamiltonian_simulation,absolute_observable_error,0.00033451704075559974,exact_dense_eigendecomposition_numpy,exact_dense_eigendecomposition_numpy,2,10.446455172961578,31228.46940581967,0.8218024506329117,0.820673031863585,0.0011294187693267066,28,24,4,1,accept_baselines_1node_20260704150409_c2,10.458193926955573,23,72,4,3,synthetic,"0,1,2",,tfim,4,1,21,1,,"dense_exact,sparse_lanczos",4,chordal,7,tfim,auto,4,4,"dense_exact,sparse_krylov",data/raw/perlmutter/practical_suite_sweep/practical_accept_baselines_1node_20260704150409_c2_sim_tfim_4q_4steps_r0_seed23.json,ok
practical_accept_baselines_1node_20260704150409_c2_sim_tfim_4q_8steps_r0_seed17.json,simulation,hamiltonian_simulation,absolute_observable_error,0.0009290460147894919,exact_dense_eigendecomposition_numpy,exact_dense_eigendecomposition_numpy,2,10.452556564996485,11250.849149129475,0.8218024506329117,0.8215212314654879,0.00028121916742374076,56,48,4,1,accept_baselines_1node_20260704150409_c2,10.468632450967561,17,72,4,3,synthetic,"0,1,2",,tfim,4,1,21,1,,"dense_exact,sparse_lanczos",4,chordal,7,tfim,auto,4,8,"dense_exact,sparse_krylov",data/raw/perlmutter/practical_suite_sweep/practical_accept_baselines_1node_20260704150409_c2_sim_tfim_4q_8steps_r0_seed17.json,ok
practical_accept_baselines_1node_20260704150409_c2_sim_tfim_5q_6steps_r0_seed23.json,simulation,hamiltonian_simulation,absolute_observable_error,0.0005204859771765769,exact_dense_eigendecomposition_numpy,exact_dense_eigendecomposition_numpy,2,9.720560219022445,18675.931043815053,0.8218024506329158,0.8213019840508522,0.0005004665820635967,54,48,5,1,accept_baselines_1node_20260704150409_c2,9.731809807999525,23,72,4,3,synthetic,"0,1,2",,tfim,5,1,21,1,,"dense_exact,sparse_lanczos",4,chordal,7,tfim,auto,5,6,"dense_exact,sparse_krylov",data/raw/perlmutter/practical_suite_sweep/practical_accept_baselines_1node_20260704150409_c2_sim_tfim_5q_6steps_r0_seed23.json,ok
practical_accept_baselines_1node_20260704150409_c2_sim_tfim_6q_4steps_r0_seed17.json,simulation,hamiltonian_simulation,absolute_observable_error,0.0022706890013068914,exact_dense_eigendecomposition_numpy,exact_dense_eigendecomposition_numpy,2,11.819238689960912,5205.133192241812,0.821802450632914,0.8206730318635869,0.0011294187693271507,44,40,6,1,accept_baselines_1node_20260704150409_c2,11.835332232003566,17,72,4,3,synthetic,"0,1,2",,tfim,6,1,21,1,,"dense_exact,sparse_lanczos",4,chordal,7,tfim,auto,6,4,"dense_exact,sparse_krylov",data/raw/perlmutter/practical_suite_sweep/practical_accept_baselines_1node_20260704150409_c2_sim_tfim_6q_4steps_r0_seed17.json,ok
practical_accept_baselines_1node_20260704150409_c2_sim_tfim_6q_8steps_r0_seed23.json,simulation,hamiltonian_simulation,absolute_observable_error,0.002319755032658577,sparse_krylov_expm_multiply_scipy,exact_dense_eigendecomposition_numpy,2,10.661190707003698,4595.8260923720645,0.821802450632914,0.8215212314654883,0.00028121916742573916,88,80,6,1,accept_baselines_1node_20260704150409_c2,10.682125307968818,23,72,4,3,synthetic,"0,1,2",,tfim,6,1,21,1,,"dense_exact,sparse_lanczos",4,chordal,7,tfim,auto,6,8,"dense_exact,sparse_krylov",data/raw/perlmutter/practical_suite_sweep/practical_accept_baselines_1node_20260704150409_c2_sim_tfim_6q_8steps_r0_seed23.json,ok
practical_accept_baselines_1node_20260704150409_c2_sim_tfim_7q_6steps_r0_seed17.json,simulation,hamiltonian_simulation,absolute_observable_error,0.0027360600070096552,sparse_krylov_expm_multiply_scipy,exact_dense_eigendecomposition_numpy,2,10.006520918977913,3657.273924307831,0.8218024506329149,0.8213019840508498,0.000500466582065151,78,72,7,1,accept_baselines_1node_20260704150409_c2,10.027807510981802,17,72,4,3,synthetic,"0,1,2",,tfim,7,1,21,1,,"dense_exact,sparse_lanczos",4,chordal,7,tfim,auto,7,6,"dense_exact,sparse_krylov",data/raw/perlmutter/practical_suite_sweep/practical_accept_baselines_1node_20260704150409_c2_sim_tfim_7q_6steps_r0_seed17.json,ok
practical_accept_baselines_1node_20260704150409_c2_sim_tfim_8q_4steps_r0_seed23.json,simulation,hamiltonian_simulation,absolute_observable_error,0.0034698080271482468,sparse_krylov_expm_multiply_scipy,exact_dense_eigendecomposition_numpy,2,10.07326772599481,2903.119609840142,0.8218024506329147,0.8206730318635883,0.0011294187693263735,60,56,8,1,accept_baselines_1node_20260704150409_c2,10.11843884101836,23,72,4,3,synthetic,"0,1,2",,tfim,8,1,21,1,,"dense_exact,sparse_lanczos",4,chordal,7,tfim,auto,8,4,"dense_exact,sparse_krylov",data/raw/perlmutter/practical_suite_sweep/practical_accept_baselines_1node_20260704150409_c2_sim_tfim_8q_4steps_r0_seed23.json,ok
practical_accept_baselines_1node_20260704150409_c2_sim_tfim_8q_8steps_r0_seed17.json,simulation,hamiltonian_simulation,absolute_observable_error,0.003456773003563285,sparse_krylov_expm_multiply_scipy,exact_dense_eigendecomposition_numpy,2,10.94211094698403,3165.4120579236082,0.8218024506329147,0.8215212314654854,0.00028121916742929187,120,112,8,1,accept_baselines_1node_20260704150409_c2,10.98495820199605,17,72,4,3,synthetic,"0,1,2",,tfim,8,1,21,1,,"dense_exact,sparse_lanczos",4,chordal,7,tfim,auto,8,8,"dense_exact,sparse_krylov",data/raw/perlmutter/practical_suite_sweep/practical_accept_baselines_1node_20260704150409_c2_sim_tfim_8q_8steps_r0_seed17.json,ok
practical_accept_baselines_1node_20260704150409_c3_chem_h2_l2_grid21_r0_seed17.json,chemistry,chemistry_vqe,absolute_energy_error,0.00014712399570271373,exact_dense_diagonalization_numpy,sparse_lanczos_eigsh_scipy,2,10.069228834006935,68440.4252747005,-1.8572750302023804,-1.8369679912029844,0.02030703899939601,360,90,90,45,accept_baselines_1node_20260704150409_c3,10.082385877030902,17,72,4,3,synthetic,"0,1,2",,H2_minimal_2qubit,2,1,21,2,,"dense_exact,sparse_lanczos",4,chordal,7,tfim,auto,4,4,"dense_exact,sparse_krylov",data/raw/perlmutter/practical_suite_sweep/practical_accept_baselines_1node_20260704150409_c3_chem_h2_l2_grid21_r0_seed17.json,ok
practical_accept_baselines_1node_20260704150409_c3_chem_h2_l2_grid21_r0_seed23.json,chemistry,chemistry_vqe,absolute_energy_error,0.00014481000835075974,exact_dense_diagonalization_numpy,exact_dense_diagonalization_numpy,2,10.55164501897525,72865.44030449184,-1.85727503020238,-1.8369679912029844,0.020307038999395566,360,90,90,45,accept_baselines_1node_20260704150409_c3,10.560136603016872,23,72,4,3,synthetic,"0,1,2",,H2_minimal_2qubit,2,1,21,2,,"dense_exact,sparse_lanczos",4,chordal,7,tfim,auto,4,4,"dense_exact,sparse_krylov",data/raw/perlmutter/practical_suite_sweep/practical_accept_baselines_1node_20260704150409_c3_chem_h2_l2_grid21_r0_seed23.json,ok
practical_accept_baselines_1node_20260704150409_c3_chem_h2_sto3g_4q_l1_grid13_r0_seed17.json,chemistry,chemistry_vqe,absolute_energy_error,0.00017031002789735794,exact_dense_diagonalization_numpy,sparse_lanczos_eigsh_scipy,2,25.08678836998297,147300.71199977852,-1.1372701746609033,-0.6316547102283506,0.5056154644325527,232,87,116,29,accept_baselines_1node_20260704150409_c3,25.115014158014674,17,72,4,3,synthetic,"0,1,2",,h2_sto3g_4q,4,1,13,1,benchmarks/workloads/hamiltonians/h2_sto3g_4q.json,"dense_exact,sparse_lanczos",4,chordal,7,tfim,auto,4,4,"dense_exact,sparse_krylov",data/raw/perlmutter/practical_suite_sweep/practical_accept_baselines_1node_20260704150409_c3_chem_h2_sto3g_4q_l1_grid13_r0_seed17.json,ok
practical_accept_baselines_1node_20260704150409_c3_chem_h2_sto3g_4q_l1_grid13_r0_seed23.json,chemistry,chemistry_vqe,absolute_energy_error,0.00014944904251024127,exact_dense_diagonalization_numpy,sparse_lanczos_eigsh_scipy,2,9.313283436989877,62317.45135705147,-1.137270174660904,-0.5324790068861727,0.6047911677747313,232,87,116,29,accept_baselines_1node_20260704150409_c3,9.323350601014681,23,72,4,3,synthetic,"0,1,2",,h2_sto3g_4q,4,1,13,1,benchmarks/workloads/hamiltonians/h2_sto3g_4q.json,"dense_exact,sparse_lanczos",4,chordal,7,tfim,auto,4,4,"dense_exact,sparse_krylov",data/raw/perlmutter/practical_suite_sweep/practical_accept_baselines_1node_20260704150409_c3_chem_h2_sto3g_4q_l1_grid13_r0_seed23.json,ok
practical_accept_baselines_1node_20260704150409_c3_chem_h2o_sto3g_active_4q_l2_grid13_r0_seed17.json,chemistry,chemistry_vqe,absolute_energy_error,0.0001529859728179872,exact_dense_diagonalization_numpy,exact_dense_diagonalization_numpy,2,9.618547936028335,62872.09055088901,-74.96419529199744,-74.51647720347528,0.44771808852216566,464,174,116,29,accept_baselines_1node_20260704150409_c3,9.629966220003553,17,72,4,3,synthetic,"0,1,2",,h2o_sto3g_active_4q,4,1,13,2,benchmarks/workloads/hamiltonians/h2o_sto3g_active_4q.json,"dense_exact,sparse_lanczos",4,chordal,7,tfim,auto,4,4,"dense_exact,sparse_krylov",data/raw/perlmutter/practical_suite_sweep/practical_accept_baselines_1node_20260704150409_c3_chem_h2o_sto3g_active_4q_l2_grid13_r0_seed17.json,ok
practical_accept_baselines_1node_20260704150409_c3_chem_h2o_sto3g_active_4q_l2_grid13_r0_seed23.json,chemistry,chemistry_vqe,absolute_energy_error,0.00016116199549287558,exact_dense_diagonalization_numpy,exact_dense_diagonalization_numpy,2,10.43559984897729,64752.23775346349,-74.96419529199744,-74.51647720347528,0.44771808852216566,464,174,116,29,accept_baselines_1node_20260704150409_c3,10.445504475035705,23,72,4,3,synthetic,"0,1,2",,h2o_sto3g_active_4q,4,1,13,2,benchmarks/workloads/hamiltonians/h2o_sto3g_active_4q.json,"dense_exact,sparse_lanczos",4,chordal,7,tfim,auto,4,4,"dense_exact,sparse_krylov",data/raw/perlmutter/practical_suite_sweep/practical_accept_baselines_1node_20260704150409_c3_chem_h2o_sto3g_active_4q_l2_grid13_r0_seed23.json,ok
practical_accept_baselines_1node_20260704150409_c3_chem_lih_sto3g_active_4q_l1_grid17_r0_seed17.json,chemistry,chemistry_vqe,absolute_energy_error,0.0001559219672344625,exact_dense_diagonalization_numpy,sparse_lanczos_eigsh_scipy,2,9.910250197048299,63559.03772138847,-7.862773162272804,-7.714056633733221,0.14871652853958306,296,111,148,37,accept_baselines_1node_20260704150409_c3,9.920045803009998,17,72,4,3,synthetic,"0,1,2",,lih_sto3g_active_4q,4,1,17,1,benchmarks/workloads/hamiltonians/lih_sto3g_active_4q.json,"dense_exact,sparse_lanczos",4,chordal,7,tfim,auto,4,4,"dense_exact,sparse_krylov",data/raw/perlmutter/practical_suite_sweep/practical_accept_baselines_1node_20260704150409_c3_chem_lih_sto3g_active_4q_l1_grid17_r0_seed17.json,ok
practical_accept_baselines_1node_20260704150409_c3_chem_lih_sto3g_active_4q_l1_grid17_r0_seed23.json,chemistry,chemistry_vqe,absolute_energy_error,0.00015705300029367208,exact_dense_diagonalization_numpy,sparse_lanczos_eigsh_scipy,2,9.82190133095719,62538.76915812687,-7.862773162272807,-7.714056633733221,0.1487165285395866,296,111,148,37,accept_baselines_1node_20260704150409_c3,9.836452684015967,23,72,4,3,synthetic,"0,1,2",,lih_sto3g_active_4q,4,1,17,1,benchmarks/workloads/hamiltonians/lih_sto3g_active_4q.json,"dense_exact,sparse_lanczos",4,chordal,7,tfim,auto,4,4,"dense_exact,sparse_krylov",data/raw/perlmutter/practical_suite_sweep/practical_accept_baselines_1node_20260704150409_c3_chem_lih_sto3g_active_4q_l1_grid17_r0_seed23.json,ok
practical_accept_baselines_1node_20260704150409_c3_chem_lih_sto3g_active_4q_l2_grid9_r0_seed17.json,chemistry,chemistry_vqe,absolute_energy_error,0.00016153301112353802,exact_dense_diagonalization_numpy,sparse_lanczos_eigsh_scipy,2,9.65690473804716,59782.85596782261,-7.862773162272804,-7.70232475760537,0.1604484046674335,336,126,84,21,accept_baselines_1node_20260704150409_c3,9.669179407996126,17,72,4,3,synthetic,"0,1,2",,lih_sto3g_active_4q,4,1,9,2,benchmarks/workloads/hamiltonians/lih_sto3g_active_4q.json,"dense_exact,sparse_lanczos",4,chordal,7,tfim,auto,4,4,"dense_exact,sparse_krylov",data/raw/perlmutter/practical_suite_sweep/practical_accept_baselines_1node_20260704150409_c3_chem_lih_sto3g_active_4q_l2_grid9_r0_seed17.json,ok
practical_accept_baselines_1node_20260704150409_c3_chem_lih_sto3g_active_4q_l2_grid9_r0_seed23.json,chemistry,chemistry_vqe,absolute_energy_error,0.0001701490255072713,exact_dense_diagonalization_numpy,sparse_lanczos_eigsh_scipy,2,12.047056522977073,70802.97102531594,-7.862773162272803,-7.70232475760537,0.1604484046674326,336,126,84,21,accept_baselines_1node_20260704150409_c3,12.056667138997,23,72,4,3,synthetic,"0,1,2",,lih_sto3g_active_4q,4,1,9,2,benchmarks/workloads/hamiltonians/lih_sto3g_active_4q.json,"dense_exact,sparse_lanczos",4,chordal,7,tfim,auto,4,4,"dense_exact,sparse_krylov",data/raw/perlmutter/practical_suite_sweep/practical_accept_baselines_1node_20260704150409_c3_chem_lih_sto3g_active_4q_l2_grid9_r0_seed23.json,ok
practical_accept_baselines_1node_20260704150409_c3_chem_molecular_chain_4q_l1_grid9_r0_seed17.json,chemistry,chemistry_vqe,absolute_energy_error,0.0001700379652902484,exact_dense_diagonalization_numpy,exact_dense_diagonalization_numpy,2,9.657609616988339,56796.784179951595,-1.705732892552902,-0.9019600519043551,0.8037728406485469,168,63,84,21,accept_baselines_1node_20260704150409_c3,9.67018158902647,17,72,4,3,synthetic,"0,1,2",,molecular_chain_4q_surrogate,4,1,9,1,benchmarks/workloads/hamiltonians/molecular_chain_4q.json,"dense_exact,sparse_lanczos",4,chordal,7,tfim,auto,4,4,"dense_exact,sparse_krylov",data/raw/perlmutter/practical_suite_sweep/practical_accept_baselines_1node_20260704150409_c3_chem_molecular_chain_4q_l1_grid9_r0_seed17.json,ok
practical_accept_baselines_1node_20260704150409_c3_chem_molecular_chain_4q_l1_grid9_r0_seed23.json,chemistry,chemistry_vqe,absolute_energy_error,0.00016318599227815866,exact_dense_diagonalization_numpy,sparse_lanczos_eigsh_scipy,2,9.713646876974963,59525.00420757663,-1.7057328925529092,-1.2281036714213251,0.477629221131584,168,63,84,21,accept_baselines_1node_20260704150409_c3,9.725441189017147,23,72,4,3,synthetic,"0,1,2",,molecular_chain_4q_surrogate,4,1,9,1,benchmarks/workloads/hamiltonians/molecular_chain_4q.json,"dense_exact,sparse_lanczos",4,chordal,7,tfim,auto,4,4,"dense_exact,sparse_krylov",data/raw/perlmutter/practical_suite_sweep/practical_accept_baselines_1node_20260704150409_c3_chem_molecular_chain_4q_l1_grid9_r0_seed23.json,ok
practical_accept_baselines_1node_20260704150409_c3_chem_molecular_chain_4q_l2_grid17_r0_seed17.json,chemistry,chemistry_vqe,absolute_energy_error,0.00016624201089143753,exact_dense_diagonalization_numpy,sparse_lanczos_eigsh_scipy,2,9.562649318017066,57522.45937557773,-1.7057328925529067,-0.9059288256492263,0.7998040669036804,592,222,148,37,accept_baselines_1node_20260704150409_c3,9.571358245040756,17,72,4,3,synthetic,"0,1,2",,molecular_chain_4q_surrogate,4,1,17,2,benchmarks/workloads/hamiltonians/molecular_chain_4q.json,"dense_exact,sparse_lanczos",4,chordal,7,tfim,auto,4,4,"dense_exact,sparse_krylov",data/raw/perlmutter/practical_suite_sweep/practical_accept_baselines_1node_20260704150409_c3_chem_molecular_chain_4q_l2_grid17_r0_seed17.json,ok
practical_accept_baselines_1node_20260704150409_c3_chem_molecular_chain_4q_l2_grid17_r0_seed23.json,chemistry,chemistry_vqe,absolute_energy_error,0.00016156199853867292,exact_dense_diagonalization_numpy,sparse_lanczos_eigsh_scipy,2,10.397273856040556,64354.69943479173,-1.7057328925529045,-0.8946266380615817,0.8111062544913228,592,222,148,37,accept_baselines_1node_20260704150409_c3,10.405597976001445,23,72,4,3,synthetic,"0,1,2",,molecular_chain_4q_surrogate,4,1,17,2,benchmarks/workloads/hamiltonians/molecular_chain_4q.json,"dense_exact,sparse_lanczos",4,chordal,7,tfim,auto,4,4,"dense_exact,sparse_krylov",data/raw/perlmutter/practical_suite_sweep/practical_accept_baselines_1node_20260704150409_c3_chem_molecular_chain_4q_l2_grid17_r0_seed23.json,ok
practical_accept_baselines_1node_20260704150409_c3_sim_heisenberg_4q_4steps_r0_seed17.json,simulation,hamiltonian_simulation,absolute_observable_error,0.00031358603155240417,exact_dense_eigendecomposition_numpy,exact_dense_eigendecomposition_numpy,2,10.830511399020907,34537.607894728535,0.05328055679997454,-0.13193164268309854,0.18521219948307308,150,72,4,1,accept_baselines_1node_20260704150409_c3,10.842484875989612,17,72,4,3,synthetic,"0,1,2",,heisenberg,4,1,21,1,,"dense_exact,sparse_lanczos",4,chordal,7,heisenberg,auto,4,4,"dense_exact,sparse_krylov",data/raw/perlmutter/practical_suite_sweep/practical_accept_baselines_1node_20260704150409_c3_sim_heisenberg_4q_4steps_r0_seed17.json,ok
practical_accept_baselines_1node_20260704150409_c3_sim_heisenberg_4q_8steps_r0_seed23.json,simulation,hamiltonian_simulation,absolute_observable_error,0.00033957697451114655,exact_dense_eigendecomposition_numpy,exact_dense_eigendecomposition_numpy,2,9.396677759999875,27671.716474673492,0.05328055679997454,-0.08404486766654973,0.13732542446652427,298,144,4,1,accept_baselines_1node_20260704150409_c3,9.40799556003185,23,72,4,3,synthetic,"0,1,2",,heisenberg,4,1,21,1,,"dense_exact,sparse_lanczos",4,chordal,7,heisenberg,auto,4,8,"dense_exact,sparse_krylov",data/raw/perlmutter/practical_suite_sweep/practical_accept_baselines_1node_20260704150409_c3_sim_heisenberg_4q_8steps_r0_seed23.json,ok
practical_accept_baselines_1node_20260704150409_c3_sim_heisenberg_5q_6steps_r0_seed17.json,simulation,hamiltonian_simulation,absolute_observable_error,0.00040373101364821196,exact_dense_eigendecomposition_numpy,exact_dense_eigendecomposition_numpy,2,9.691400857991539,24004.59843403576,-0.025259172203497292,-0.09172767502661766,0.06646850282312036,296,144,5,1,accept_baselines_1node_20260704150409_c3,9.70906531700166,17,72,4,3,synthetic,"0,1,2",,heisenberg,5,1,21,1,,"dense_exact,sparse_lanczos",4,chordal,7,heisenberg,auto,5,6,"dense_exact,sparse_krylov",data/raw/perlmutter/practical_suite_sweep/practical_accept_baselines_1node_20260704150409_c3_sim_heisenberg_5q_6steps_r0_seed17.json,ok
practical_accept_baselines_1node_20260704150409_c3_sim_heisenberg_6q_4steps_r0_seed23.json,simulation,hamiltonian_simulation,absolute_observable_error,0.0025239699753001332,sparse_krylov_expm_multiply_scipy,exact_dense_eigendecomposition_numpy,2,9.296728135028388,3683.3750900396053,0.028435823107617414,-0.1300351892248902,0.15847101233250763,247,120,6,1,accept_baselines_1node_20260704150409_c3,9.329542263003532,23,72,4,3,synthetic,"0,1,2",,heisenberg,6,1,21,1,,"dense_exact,sparse_lanczos",4,chordal,7,heisenberg,auto,6,4,"dense_exact,sparse_krylov",data/raw/perlmutter/practical_suite_sweep/practical_accept_baselines_1node_20260704150409_c3_sim_heisenberg_6q_4steps_r0_seed23.json,ok
practical_accept_baselines_1node_20260704150409_c3_sim_heisenberg_6q_8steps_r0_seed17.json,simulation,hamiltonian_simulation,absolute_observable_error,0.002404618018772453,sparse_krylov_expm_multiply_scipy,exact_dense_eigendecomposition_numpy,2,9.299068333988544,3867.1706946351824,0.028435823107617414,-0.07454781296089058,0.102983636068508,491,240,6,1,accept_baselines_1node_20260704150409_c3,9.31427635496948,17,72,4,3,synthetic,"0,1,2",,heisenberg,6,1,21,1,,"dense_exact,sparse_lanczos",4,chordal,7,heisenberg,auto,6,8,"dense_exact,sparse_krylov",data/raw/perlmutter/practical_suite_sweep/practical_accept_baselines_1node_20260704150409_c3_sim_heisenberg_6q_8steps_r0_seed17.json,ok
practical_accept_baselines_1node_20260704150409_c3_sim_heisenberg_7q_6steps_r0_seed23.json,simulation,hamiltonian_simulation,absolute_observable_error,0.01598161697620526,sparse_krylov_expm_multiply_scipy,exact_dense_eigendecomposition_numpy,2,9.669592263002414,605.0446758547208,-0.02818565466473985,-0.09191023542340215,0.0637245807586623,441,216,7,1,accept_baselines_1node_20260704150409_c3,9.736823588027619,23,72,4,3,synthetic,"0,1,2",,heisenberg,7,1,21,1,,"dense_exact,sparse_lanczos",4,chordal,7,heisenberg,auto,7,6,"dense_exact,sparse_krylov",data/raw/perlmutter/practical_suite_sweep/practical_accept_baselines_1node_20260704150409_c3_sim_heisenberg_7q_6steps_r0_seed23.json,ok
practical_accept_baselines_1node_20260704150409_c3_sim_heisenberg_8q_4steps_r0_seed17.json,simulation,hamiltonian_simulation,absolute_observable_error,0.004139972967095673,sparse_krylov_expm_multiply_scipy,exact_dense_eigendecomposition_numpy,2,9.799828452989459,2367.1237785555786,0.02820079724211531,-0.1300351892248901,0.1582359864670054,344,168,8,1,accept_baselines_1node_20260704150409_c3,9.851949013012927,17,72,4,3,synthetic,"0,1,2",,heisenberg,8,1,21,1,,"dense_exact,sparse_lanczos",4,chordal,7,heisenberg,auto,8,4,"dense_exact,sparse_krylov",data/raw/perlmutter/practical_suite_sweep/practical_accept_baselines_1node_20260704150409_c3_sim_heisenberg_8q_4steps_r0_seed17.json,ok
practical_accept_baselines_1node_20260704150409_c3_sim_heisenberg_8q_8steps_r0_seed23.json,simulation,hamiltonian_simulation,absolute_observable_error,0.00396684801671654,sparse_krylov_expm_multiply_scipy,exact_dense_eigendecomposition_numpy,2,9.692004451993853,2443.250765129179,0.02820079724211531,-0.07453829549813012,0.10273909274024544,684,336,8,1,accept_baselines_1node_20260704150409_c3,9.77082427102141,23,72,4,3,synthetic,"0,1,2",,heisenberg,8,1,21,1,,"dense_exact,sparse_lanczos",4,chordal,7,heisenberg,auto,8,8,"dense_exact,sparse_krylov",data/raw/perlmutter/practical_suite_sweep/practical_accept_baselines_1node_20260704150409_c3_sim_heisenberg_8q_8steps_r0_seed23.json,ok
practical_accept_baselines_1node_20260704150409_c3_sim_tfim_4q_6steps_r0_seed23.json,simulation,hamiltonian_simulation,absolute_observable_error,0.0003263510297983885,exact_dense_eigendecomposition_numpy,exact_dense_eigendecomposition_numpy,2,10.366481143981218,31764.818239995664,0.8218024506329117,0.8213019840508518,0.000500466582059933,42,36,4,1,accept_baselines_1node_20260704150409_c3,10.375085840001702,23,72,4,3,synthetic,"0,1,2",,tfim,4,1,21,1,,"dense_exact,sparse_lanczos",4,chordal,7,tfim,auto,4,6,"dense_exact,sparse_krylov",data/raw/perlmutter/practical_suite_sweep/practical_accept_baselines_1node_20260704150409_c3_sim_tfim_4q_6steps_r0_seed23.json,ok
practical_accept_baselines_1node_20260704150409_c3_sim_tfim_5q_4steps_r0_seed17.json,simulation,hamiltonian_simulation,absolute_observable_error,0.0008612149977125227,exact_dense_eigendecomposition_numpy,exact_dense_eigendecomposition_numpy,2,9.537180669023655,11074.099608524475,0.8218024506329158,0.8206730318635854,0.0011294187693303703,36,32,5,1,accept_baselines_1node_20260704150409_c3,9.547288657980971,17,72,4,3,synthetic,"0,1,2",,tfim,5,1,21,1,,"dense_exact,sparse_lanczos",4,chordal,7,tfim,auto,5,4,"dense_exact,sparse_krylov",data/raw/perlmutter/practical_suite_sweep/practical_accept_baselines_1node_20260704150409_c3_sim_tfim_5q_4steps_r0_seed17.json,ok
practical_accept_baselines_1node_20260704150409_c3_sim_tfim_5q_8steps_r0_seed23.json,simulation,hamiltonian_simulation,absolute_observable_error,0.0005745200323872268,exact_dense_eigendecomposition_numpy,exact_dense_eigendecomposition_numpy,2,9.436378630984109,16424.80348644133,0.8218024506329158,0.8215212314654874,0.0002812191674284037,72,64,5,1,accept_baselines_1node_20260704150409_c3,9.449009480013046,23,72,4,3,synthetic,"0,1,2",,tfim,5,1,21,1,,"dense_exact,sparse_lanczos",4,chordal,7,tfim,auto,5,8,"dense_exact,sparse_krylov",data/raw/perlmutter/practical_suite_sweep/practical_accept_baselines_1node_20260704150409_c3_sim_tfim_5q_8steps_r0_seed23.json,ok
practical_accept_baselines_1node_20260704150409_c3_sim_tfim_6q_6steps_r0_seed17.json,simulation,hamiltonian_simulation,absolute_observable_error,0.002346275025047362,sparse_krylov_expm_multiply_scipy,exact_dense_eigendecomposition_numpy,2,11.682655380980577,4979.235279864411,0.821802450632914,0.8213019840508512,0.0005004665820628196,66,60,6,1,accept_baselines_1node_20260704150409_c3,11.700782602012623,17,72,4,3,synthetic,"0,1,2",,tfim,6,1,21,1,,"dense_exact,sparse_lanczos",4,chordal,7,tfim,auto,6,6,"dense_exact,sparse_krylov",data/raw/perlmutter/practical_suite_sweep/practical_accept_baselines_1node_20260704150409_c3_sim_tfim_6q_6steps_r0_seed17.json,ok
practical_accept_baselines_1node_20260704150409_c3_sim_tfim_7q_4steps_r0_seed23.json,simulation,hamiltonian_simulation,absolute_observable_error,0.0026607540203258395,sparse_krylov_expm_multiply_scipy,exact_dense_eigendecomposition_numpy,2,10.699983531958424,4021.4102657441777,0.8218024506329149,0.8206730318635873,0.0011294187693275948,52,48,7,1,accept_baselines_1node_20260704150409_c3,10.720570411009248,23,72,4,3,synthetic,"0,1,2",,tfim,7,1,21,1,,"dense_exact,sparse_lanczos",4,chordal,7,tfim,auto,7,4,"dense_exact,sparse_krylov",data/raw/perlmutter/practical_suite_sweep/practical_accept_baselines_1node_20260704150409_c3_sim_tfim_7q_4steps_r0_seed23.json,ok
practical_accept_baselines_1node_20260704150409_c3_sim_tfim_7q_8steps_r0_seed17.json,simulation,hamiltonian_simulation,absolute_observable_error,0.0026496920036152005,sparse_krylov_expm_multiply_scipy,exact_dense_eigendecomposition_numpy,2,10.060192970035132,3796.7405103344668,0.8218024506329149,0.8215212314654866,0.00028121916742829267,104,96,7,1,accept_baselines_1node_20260704150409_c3,10.09191188000841,17,72,4,3,synthetic,"0,1,2",,tfim,7,1,21,1,,"dense_exact,sparse_lanczos",4,chordal,7,tfim,auto,7,8,"dense_exact,sparse_krylov",data/raw/perlmutter/practical_suite_sweep/practical_accept_baselines_1node_20260704150409_c3_sim_tfim_7q_8steps_r0_seed17.json,ok
practical_accept_baselines_1node_20260704150409_c3_sim_tfim_8q_6steps_r0_seed23.json,simulation,hamiltonian_simulation,absolute_observable_error,0.003594149020500481,sparse_krylov_expm_multiply_scipy,exact_dense_eigendecomposition_numpy,2,9.759819226979744,2715.474280924696,0.8218024506329147,0.8213019840508491,0.0005004665820655951,90,84,8,1,accept_baselines_1node_20260704150409_c3,9.816475877014454,23,72,4,3,synthetic,"0,1,2",,tfim,8,1,21,1,,"dense_exact,sparse_lanczos",4,chordal,7,tfim,auto,8,6,"dense_exact,sparse_krylov",data/raw/perlmutter/practical_suite_sweep/practical_accept_baselines_1node_20260704150409_c3_sim_tfim_8q_6steps_r0_seed23.json,ok
