Time (%),Total Time (ns),Instances,Avg (ns),Med (ns),Min (ns),Max (ns),StdDev (ns),Name
12.1,5875783,160,36723.6,35392.5,12608,63233,23514.9,"void at::native::reduce_kernel<(int)512, (int)1, at::native::ReduceOp<c10::Half, at::native::func_wrapper_t<c10::Half, at::native::sum_functor<c10::Half, float, c10::Half>::operator ()(at::TensorIterator &)::[lambda(float, float) (instance 1)]>, unsigned int, c10::Half, (int)4, (int)8>>(T3)"
7.6,3658420,80,45730.3,46576.0,19040,75840,26342.7,"void at::native::<unnamed>::multi_tensor_apply_kernel<at::native::<unnamed>::TensorListScalarListMetadata<float, (int)3>, at::native::<unnamed>::PointwiseOpScalarListFunctor<float, (int)3, (int)3, (int)0>, std::divides<float>>(T1, T2, T3...)"
7.3,3552695,724,4907.0,3872.0,3296,8512,1586.0,"void at::native::unrolled_elementwise_kernel<at::native::direct_copy_kernel_cuda(at::TensorIteratorBase &)::[lambda() (instance 3)]::operator ()() const::[lambda() (instance 7)]::operator ()() const::[lambda(float) (instance 1)], std::array<char *, (unsigned long)2>, (int)4, TrivialOffsetCalculator<(int)1, unsigned int>, TrivialOffsetCalculator<(int)1, unsigned int>, at::native::memory::LoadWithCast<(int)1>, at::native::memory::StoreWithCast<(int)1>>(int, T1, T2, T4, T5, T6, T7)"
6.9,3323962,80,41549.5,42368.0,15936,69824,25359.0,"void at::native::<unnamed>::multi_tensor_apply_kernel<at::native::<unnamed>::TensorListScalarListMetadata<float, (int)1>, at::native::<unnamed>::BinaryOpScalarListFunctor<float, (int)1, (int)1, (int)0>, std::divides<float>>(T1, T2, T3...)"
5.0,2401973,738,3254.7,3136.0,2368,5088,491.7,"void at::native::vectorized_elementwise_kernel<(int)4, at::native::float16_copy_kernel_cuda(at::TensorIteratorBase &)::[lambda(float) (instance 1)], std::array<char *, (unsigned long)2>>(int, T2, T3)"
4.9,2366286,80,29578.6,29984.0,13024,46753,16408.5,"void at::native::<unnamed>::multi_tensor_apply_kernel<at::native::<unnamed>::TensorListMetadata<(int)2>, at::native::<unnamed>::UnaryOpFunctor<float, (int)2, (int)1, (int)1>, at::native::Sqrt<float>>(T1, T2, T3...)"
4.8,2319924,160,14499.5,15088.0,8864,24576,5466.7,"void at::native::<unnamed>::multi_tensor_apply_kernel<at::native::<unnamed>::TensorListMetadata<(int)1>, at::native::<unnamed>::BinaryOpScalarFunctor<float, (int)1, (int)1, (int)0>, std::multiplies<float>, float>(T1, T2, T3...)"
3.8,1833037,80,22913.0,22400.0,13056,33505,9487.5,"void at::native::<unnamed>::multi_tensor_apply_kernel<at::native::<unnamed>::TensorListMetadata<(int)1>, at::native::<unnamed>::UnaryOpFunctor<float, (int)1, (int)1, (int)0>, at::native::_amp_foreach_non_finite_check_and_unscale_cuda_(c10::ArrayRef<at::Tensor>, at::Tensor &, const at::Tensor &)::[lambda() (instance 1)]::operator ()() const::[lambda() (instance 2)]::operator ()() const::[lambda(float) (instance 1)]>(T1, T2, T3...)"
3.1,1481162,80,18514.5,18496.0,11776,25312,6704.7,"void at::native::<unnamed>::multi_tensor_apply_kernel<at::native::<unnamed>::TensorListMetadata<(int)3>, at::native::<unnamed>::PointwiseOpScalarFunctor<float, (int)3, (int)3, (int)0>, std::multiplies<float>, float>(T1, T2, T3...)"
2.8,1347011,80,16837.6,17104.0,10080,25888,6675.8,"void at::native::<unnamed>::multi_tensor_apply_kernel<at::native::<unnamed>::TensorListMetadata<(int)2>, at::native::<unnamed>::TernaryOpScalarFunctor<float, (int)2, (int)2, (int)0>, at::native::LerpFunctor<float>, float>(T1, T2, T3...)"
2.7,1290697,120,10755.8,11392.0,9280,11744,979.3,"void at::native::reduce_kernel<(int)128, (int)4, at::native::ReduceOp<c10::Half, at::native::func_wrapper_t<c10::Half, at::native::sum_functor<c10::Half, float, c10::Half>::operator ()(at::TensorIterator &)::[lambda(float, float) (instance 1)]>, unsigned int, c10::Half, (int)4, (int)8>>(T3)"
2.5,1201961,40,30049.0,29440.0,29185,33761,1473.3,sm80_xmma_wgrad_implicit_gemm_indexed_wo_smem_tf32f32_tf32f32_f32_nhwckrsc_nhwc_tilesize32x16x64_stage1_warpsize2x1x1_g1_tensor16x8x8_aligna8_alignc8_execute_kernel__5x_cudnn
2.4,1160587,80,14507.3,14528.0,9024,20096,5432.9,"void at::native::<unnamed>::multi_tensor_apply_kernel<at::native::<unnamed>::TensorListMetadata<(int)1>, at::native::<unnamed>::BinaryOpScalarFunctor<float, (int)1, (int)1, (int)0>, std::plus<float>, float>(T1, T2, T3...)"
2.0,990636,40,24765.9,24928.0,24512,24960,198.8,wgrad2d_shmem_tiling
1.9,896807,210,4270.5,4224.0,3904,4736,295.4,"void at::native::vectorized_elementwise_kernel<(int)4, at::native::<unnamed>::launch_clamp_scalar(at::TensorIteratorBase &, c10::Scalar, c10::Scalar, at::native::detail::ClampLimits)::[lambda() (instance 1)]::operator ()() const::[lambda() (instance 8)]::operator ()() const::[lambda(c10::Half) (instance 1)], std::array<char *, (unsigned long)2>>(int, T2, T3)"
1.8,858723,200,4293.6,4096.0,4000,4832,286.3,"void at::native::vectorized_elementwise_kernel<(int)4, at::native::BinaryFunctor<c10::Half, c10::Half, c10::Half, void at::native::<unnamed>::threshold_kernel_impl<c10::Half>(at::TensorIteratorBase &, T1, T1)::[lambda(c10::Half, c10::Half) (instance 1)]>, std::array<char *, (unsigned long)3>>(int, T2, T3)"
1.7,846730,164,5163.0,4880.0,4480,5857,493.6,"void cudnn::engines_precompiled::nchwToNhwcKernel<__half, __half, float, (bool)0, (bool)1, (cudnnKernelDataType_t)0>(cudnn::engines_precompiled::nchw2nhwc_params_t<T3>, const T1 *, T2 *)"
1.5,735398,84,8754.7,8768.0,7872,9024,152.6,void cutlass::Kernel2<cutlass_75_wmma_tensorop_f16_s161616gemm_f16_32x32_128x2_tn_align1>(T1::Params)
1.5,711429,80,8892.9,8896.0,8736,8960,30.3,void cutlass::Kernel2<cutlass_75_wmma_tensorop_f16_s161616gemm_f16_32x32_64x1_nt_align1>(T1::Params)
1.5,710628,270,2632.0,2624.0,2336,4064,175.4,"void at::native::vectorized_elementwise_kernel<(int)4, at::native::FillFunctor<float>, std::array<char *, (unsigned long)1>>(int, T2, T3)"
1.4,696452,84,8291.1,8256.0,7680,8608,194.6,"void at::native::elementwise_kernel<(int)128, (int)4, void at::native::gpu_kernel_impl_nocast<at::native::CUDAFunctor_add<c10::Half>>(at::TensorIteratorBase &, const T1 &)::[lambda(int) (instance 1)]>(int, T3)"
1.2,589352,42,14032.2,14080.0,12736,14145,232.8,sm80_xmma_fprop_implicit_gemm_indexed_wo_smem_f16f16_f16f32_f32_nhwckrsc_nhwc_tilesize128x16x64_stage1_warpsize4x1x1_g1_tensor16x8x16_alignc2_execute_kernel__5x_cudnn
1.2,585510,80,7318.9,7328.0,7264,7360,21.1,void cutlass::Kernel2<cutlass_75_wmma_tensorop_f16_s161616gemm_f16_32x32_64x1_nn_align1>(T1::Params)
1.2,578881,40,14472.0,14464.0,14336,14624,71.3,sm80_xmma_dgrad_implicit_gemm_f16f16_f16f32_f32_nhwckrsc_nhwc_tilesize128x32x32_stage4_warpsize4x1x1_g1_tensor16x8x16_execute_kernel__5x_cudnn
1.1,518118,80,6476.5,6464.0,6368,6560,39.3,"void at::native::<unnamed>::nll_loss_forward_reduce_cuda_kernel_2d<float, float, long>(T1 *, T1 *, const T1 *, const T3 *, const T1 *, bool, long, long, long, long)"
1.0,500069,82,6098.4,6144.0,5696,6272,137.3,"void cudnn::engines_precompiled::nhwcToNchwKernel<__half, __half, float, (bool)1, (bool)0, (cudnnKernelDataType_t)0>(cudnn::engines_precompiled::nhwc2nchw_params_t<T3>, const T1 *, T2 *)"
1.0,464451,160,2902.8,2880.0,2624,3168,109.9,"void at::native::vectorized_elementwise_kernel<(int)4, at::native::BinaryFunctor<float, float, float, at::native::binary_internal::MulFunctor<float>>, std::array<char *, (unsigned long)3>>(int, T2, T3)"
0.9,457794,80,5722.4,5728.0,5632,5824,52.4,"void at::native::index_elementwise_kernel<(int)128, (int)4, void at::native::gpu_index_kernel<void at::native::index_kernel_impl<at::native::OpaqueType<(int)8>>(at::TensorIteratorBase &, c10::ArrayRef<long>, c10::ArrayRef<long>)::[lambda(char *, const char *, long) (instance 1)]>(at::TensorIteratorBase &, c10::ArrayRef<long>, c10::ArrayRef<long>, const T1 &, bool)::[lambda(int) (instance 1)]>(long, T3)"
0.9,452162,80,5652.0,5648.0,5536,5760,63.5,"void cudnn::engines_precompiled::nchwToNhwcKernel<__half, float, float, (bool)0, (bool)1, (cudnnKernelDataType_t)2>(cudnn::engines_precompiled::nchw2nhwc_params_t<T3>, const T1 *, T2 *)"
0.8,391331,40,9783.3,9792.0,9632,9856,53.2,void cutlass::Kernel2<cutlass_80_wmma_tensorop_f16_s161616gemm_f16_32x32_128x1_nn_align8>(T1::Params)
0.8,380421,40,9510.5,9504.0,9408,9632,43.6,ampere_fp16_s16816gemm_fp16_128x64_ldg8_f2f_stages_32x6_nt
0.8,372677,42,8873.3,8832.5,8256,9056,131.7,"void cudnn::cnn::conv2d_grouped_direct_kernel<(bool)0, (bool)1, (bool)0, (bool)0, (bool)0, (bool)0, (int)0, (int)0, int, float, __half, __half, __half, float, __half>(cudnn::cnn::GroupedDirectFpropParams, const T11 *, const T13 *, T12 *, T14, T14, const T14 *, const T14 *, const T12 *, const T15 *, cudnnActivationStruct)"
0.8,370914,80,4636.4,4640.0,4480,4864,68.5,"void at::native::<unnamed>::nll_loss_backward_reduce_cuda_kernel_2d<float, long>(T1 *, const T1 *, const T2 *, const T1 *, const T1 *, bool, int, int, long, long)"
0.8,368674,41,8992.0,8992.0,8896,9057,39.2,void cutlass::Kernel2<cutlass_80_tensorop_s16816gemm_f16_64x64_32x6_tn_align8>(T1::Params)
0.7,342818,80,4285.2,4288.0,4032,4704,162.2,"void at::native::vectorized_gather_kernel<(int)16, long>(char *, char *, T2 *, int, long, long, long, long, bool)"
0.7,327555,80,4094.4,4128.0,3648,4192,101.8,"void at::native::<unnamed>::distribution_elementwise_grid_stride_kernel<unsigned int, (int)4, void at::native::templates::cuda::random_from_to_kernel<at::CUDAGeneratorImpl *>(at::TensorIteratorBase &, unsigned long, long, T1)::[lambda() (instance 1)]::operator ()() const::[lambda() (instance 4)]::operator ()() const::[lambda(curandStatePhilox4_32_10 *) (instance 2)], void at::native::<unnamed>::distribution_nullary_kernel<long, unsigned int, uint4, at::CUDAGeneratorImpl *, void at::native::templates::cuda::random_from_to_kernel<at::CUDAGeneratorImpl *>(at::TensorIteratorBase &, unsigned long, long, T1)::[lambda() (instance 1)]::operator ()() const::[lambda() (instance 4)]::operator ()() const::[lambda(curandStatePhilox4_32_10 *) (instance 2)], void at::native::templates::cuda::random_from_to_kernel<at::CUDAGeneratorImpl *>(at::TensorIteratorBase &, unsigned long, long, T1)::[lambda() (instance 1)]::operator ()() const::[lambda() (instance 4)]::operator ()() const::[lambda(unsigned int) (instance 1)]>(at::TensorIteratorBase &, T4, const T5 &, T6)::[lambda(int, unsigned int) (instance 1)]>(long, at::PhiloxCudaState, T3, T4)"
0.7,321345,80,4016.8,4016.0,3968,4064,22.8,"void <unnamed>::softmax_warp_forward<c10::Half, c10::Half, float, (int)2, (bool)1, (bool)0, (int)32>(T2 *, const T1 *, int, int, int, const bool *, int, bool)"
0.7,319970,80,3999.6,4096.0,3808,4161,137.1,"void <unnamed>::softmax_warp_backward<c10::Half, c10::Half, float, (int)2, (bool)1, (bool)0, (int)32>(T2 *, const T1 *, const T1 *, int, int, int, const bool *)"
0.6,307458,42,7320.4,7328.0,7168,7361,34.5,void cutlass::Kernel2<cutlass_80_wmma_tensorop_f16_s161616gemm_f16_32x32_128x2_tn_align8>(T1::Params)
0.6,302850,40,7571.3,7584.0,7520,7616,20.2,void cutlass::Kernel2<cutlass_80_wmma_tensorop_f16_s161616gemm_f16_32x32_128x1_nt_align2>(T1::Params)
0.6,293504,80,3668.8,3712.0,3456,3872,109.7,"void at::native::unrolled_elementwise_kernel<at::native::direct_copy_kernel_cuda(at::TensorIteratorBase &)::[lambda() (instance 3)]::operator ()() const::[lambda() (instance 6)]::operator ()() const::[lambda(double) (instance 1)], std::array<char *, (unsigned long)2>, (int)4, TrivialOffsetCalculator<(int)1, unsigned int>, TrivialOffsetCalculator<(int)1, unsigned int>, at::native::memory::LoadWithCast<(int)1>, at::native::memory::StoreWithCast<(int)1>>(int, T1, T2, T4, T5, T6, T7)"
0.6,284899,40,7122.5,7136.0,7072,7168,22.8,void cutlass::Kernel2<cutlass_80_wmma_tensorop_f16_s161616gemm_f16_32x32_128x2_nn_align8>(T1::Params)
0.6,281476,40,7036.9,7040.0,6944,7104,35.3,void cutlass::Kernel2<cutlass_80_wmma_tensorop_f16_s161616gemm_f16_32x32_128x2_nt_align8>(T1::Params)
0.6,273699,80,3421.2,3456.0,3232,3520,90.7,"void at::native::vectorized_elementwise_kernel<(int)2, at::native::reciprocal_kernel_cuda(at::TensorIteratorBase &)::[lambda() (instance 1)]::operator ()() const::[lambda() (instance 1)]::operator ()() const::[lambda(double) (instance 1)], std::array<char *, (unsigned long)2>>(int, T2, T3)"
0.6,267426,42,6367.3,6368.0,6240,6496,48.2,"void cublasLt::splitKreduce_kernel<(int)32, (int)16, int, float, __half, float, (bool)0, __half, __half, __half, (bool)1, (bool)1, (bool)0>(cublasLt::cublasSplitKParams<T6>, const T4 *, const T9 *, T8 *, T5 *, const T6 *, const T6 *, const T10 *, const T4 *, T10 *, void *, long, T6 *, int *, T6 *, const T6 *, const T6 *, const T6 *, const T6 *)"
0.5,262720,42,6255.2,6272.0,5856,6336,87.5,void cutlass::Kernel2<cutlass_80_wmma_tensorop_f16_s161616gemm_f16_32x32_32x1_tn_align2>(T1::Params)
0.5,253956,80,3174.4,3200.0,2976,3296,87.6,"at::native::amp_update_scale_cuda_kernel(float *, int *, const float *, double, double, int)"
0.4,204673,40,5116.8,5120.0,5088,5153,23.9,"void cudnn::engines_precompiled::nhwcToNchwKernel<float, __half, float, (bool)1, (bool)0, (cudnnKernelDataType_t)0>(cudnn::engines_precompiled::nhwc2nchw_params_t<T3>, const T1 *, T2 *)"
0.1,35072,4,8768.0,9008.0,7296,9760,1119.2,"void at::native::reduce_kernel<(int)512, (int)1, at::native::ReduceOp<c10::Half, at::native::ArgMaxOps<float>, unsigned int, long, (int)4, (int)4>>(T3)"
0.0,21697,4,5424.3,5264.5,4864,6304,646.4,"void at::native::reduce_kernel<(int)512, (int)1, at::native::ReduceOp<float, at::native::MeanOps<float, float, float, float>, unsigned int, float, (int)4, (int)4>>(T3)"
0.0,14080,4,3520.0,3504.0,3424,3648,94.2,"void at::native::vectorized_elementwise_kernel<(int)4, at::native::BinaryFunctor<long, long, bool, at::native::<unnamed>::CompareEqFunctor<long>>, std::array<char *, (unsigned long)3>>(int, T2, T3)"
0.0,7456,1,7456.0,7456.0,7456,7456,0.0,void cutlass::Kernel2<cutlass_80_wmma_tensorop_s161616gemm_f16_32x32_128x1_tn_align8>(T1::Params)
0.0,5152,2,2576.0,2576.0,2464,2688,158.4,"void at::native::vectorized_elementwise_kernel<(int)4, at::native::FillFunctor<int>, std::array<char *, (unsigned long)1>>(int, T2, T3)"
